<?xml version="1.0" encoding="UTF-8"?>
<Entities
 majorVersion="9"
 minorVersion="2"
 universal="">
    <Menus>
        <Menu
         description=""
         documentationContent=""
         homeMashup=""
         imageURL=""
         menuLabel="DA_MENU"
         name="DA_MENU_LIST"
         projectName="DassaultAviationPoC"
         tags="DassaultAviation:TemperatureHumidity;DassaultAviation:TorqueKey;DassaultAviation:Geolocation">
            <avatar></avatar>
            <DesignTimePermissions>
                <Create></Create>
                <Read></Read>
                <Update></Update>
                <Delete></Delete>
                <Metadata></Metadata>
            </DesignTimePermissions>
            <RunTimePermissions>
                <Permissions
                 resourceName="*">
                    <PropertyRead>
                        <Principal
                         isPermitted="true"
                         name="DigitalTwinUsers"
                         type="Group"></Principal>
                    </PropertyRead>
                    <PropertyWrite>
                        <Principal
                         isPermitted="true"
                         name="DigitalTwinUsers"
                         type="Group"></Principal>
                    </PropertyWrite>
                    <ServiceInvoke>
                        <Principal
                         isPermitted="true"
                         name="DigitalTwinUsers"
                         type="Group"></Principal>
                    </ServiceInvoke>
                    <EventInvoke>
                        <Principal
                         isPermitted="true"
                         name="DigitalTwinUsers"
                         type="Group"></Principal>
                    </EventInvoke>
                    <EventSubscribe>
                        <Principal
                         isPermitted="true"
                         name="DigitalTwinUsers"
                         type="Group"></Principal>
                    </EventSubscribe>
                </Permissions>
            </RunTimePermissions>
            <VisibilityPermissions>
                <Visibility>
                    <Principal
                     isPermitted="true"
                     name="DigitalTwinDevelopers"
                     type="Organization"></Principal>
                </Visibility>
            </VisibilityPermissions>
            <ConfigurationTableDefinitions></ConfigurationTableDefinitions>
            <ConfigurationTables></ConfigurationTables>
            <MenuItems>
                <MenuItem
                 description=""
                 imageURL=""
                 isDefault="true"
                 linkDestination="DA_TemperatureAndHumidity_Mashup"
                 linkTarget="Self"
                 linkType="Mashup"
                 title="Monitoring">
                    <GroupReferences>
                        <Members></Members>
                    </GroupReferences>
                </MenuItem>
                <MenuItem
                 description=""
                 imageURL=""
                 isDefault="false"
                 linkDestination="DA.TorqueKeyMain.Mashup"
                 linkTarget="Self"
                 linkType="Mashup"
                 title="Torque">
                    <GroupReferences>
                        <Members></Members>
                    </GroupReferences>
                </MenuItem>
                <MenuItem
                 description=""
                 imageURL=""
                 isDefault="false"
                 linkDestination="DA_GeoLocalization_Mashup"
                 linkTarget="Self"
                 linkType="Mashup"
                 title="Geo Localization">
                    <GroupReferences>
                        <Members></Members>
                    </GroupReferences>
                </MenuItem>
            </MenuItems>
            <GroupReferences>
                <Members></Members>
            </GroupReferences>
            <effectiveMenu>
                <DataShape>
                    <FieldDefinitions>
                        <FieldDefinition
                         baseType="STRING"
                         description="Description for tooltip"
                         name="description"
                         ordinal="0"></FieldDefinition>
                        <FieldDefinition
                         baseType="IMAGELINK"
                         description="Optional image URL"
                         name="imageURL"
                         ordinal="0"></FieldDefinition>
                        <FieldDefinition
                         aspect.defaultValue="false"
                         baseType="BOOLEAN"
                         description="Is a default menu item"
                         name="isDefault"
                         ordinal="0"></FieldDefinition>
                        <FieldDefinition
                         aspect.isPrimaryKey="true"
                         baseType="STRING"
                         description="Link destination"
                         name="linkDestination"
                         ordinal="0"></FieldDefinition>
                        <FieldDefinition
                         baseType="STRING"
                         description="Link target (Popup, Mashup, New)"
                         name="linkTarget"
                         ordinal="0"></FieldDefinition>
                        <FieldDefinition
                         aspect.isPrimaryKey="true"
                         baseType="STRING"
                         description="Link type (Mashup, Hyperlink, or Menu)"
                         name="linkType"
                         ordinal="0"></FieldDefinition>
                        <FieldDefinition
                         baseType="STRING"
                         description="Menu entry id"
                         name="menuId"
                         ordinal="0"></FieldDefinition>
                        <FieldDefinition
                         baseType="STRING"
                         description="Menu entry parent id"
                         name="parentMenuId"
                         ordinal="0"></FieldDefinition>
                        <FieldDefinition
                         baseType="STRING"
                         description="Menu entry title"
                         name="title"
                         ordinal="0"></FieldDefinition>
                    </FieldDefinitions>
                </DataShape>
                <Rows>
                    <Row>
                        <description></description>
                        <imageURL></imageURL>
                        <linkPriority>0.0</linkPriority>
                        <linkType>
                        <![CDATA[
                        Menu
                        ]]>
                        </linkType>
                        <menuId>
                        <![CDATA[
                        DA_MENU_LIST
                        ]]>
                        </menuId>
                        <parentMenuId></parentMenuId>
                        <title>
                        <![CDATA[
                        DA_MENU
                        ]]>
                        </title>
                    </Row>
                    <Row>
                        <description></description>
                        <imageURL></imageURL>
                        <isDefault>true</isDefault>
                        <linkDestination>
                        <![CDATA[
                        DA_TemperatureAndHumidity_Mashup
                        ]]>
                        </linkDestination>
                        <linkTarget>
                        <![CDATA[
                        Self
                        ]]>
                        </linkTarget>
                        <linkType>
                        <![CDATA[
                        Mashup
                        ]]>
                        </linkType>
                        <menuId>
                        <![CDATA[
                        DA_MENU_LIST_0
                        ]]>
                        </menuId>
                        <parentMenuId>
                        <![CDATA[
                        DA_MENU_LIST
                        ]]>
                        </parentMenuId>
                        <title>
                        <![CDATA[
                        Monitoring
                        ]]>
                        </title>
                    </Row>
                    <Row>
                        <description></description>
                        <imageURL></imageURL>
                        <isDefault>false</isDefault>
                        <linkDestination>
                        <![CDATA[
                        DA.TorqueKeyMain.Mashup
                        ]]>
                        </linkDestination>
                        <linkTarget>
                        <![CDATA[
                        Self
                        ]]>
                        </linkTarget>
                        <linkType>
                        <![CDATA[
                        Mashup
                        ]]>
                        </linkType>
                        <menuId>
                        <![CDATA[
                        DA_MENU_LIST_1
                        ]]>
                        </menuId>
                        <parentMenuId>
                        <![CDATA[
                        DA_MENU_LIST
                        ]]>
                        </parentMenuId>
                        <title>
                        <![CDATA[
                        Torque
                        ]]>
                        </title>
                    </Row>
                    <Row>
                        <description></description>
                        <imageURL></imageURL>
                        <isDefault>false</isDefault>
                        <linkDestination>
                        <![CDATA[
                        DA_GeoLocalization_Mashup
                        ]]>
                        </linkDestination>
                        <linkTarget>
                        <![CDATA[
                        Self
                        ]]>
                        </linkTarget>
                        <linkType>
                        <![CDATA[
                        Mashup
                        ]]>
                        </linkType>
                        <menuId>
                        <![CDATA[
                        DA_MENU_LIST_2
                        ]]>
                        </menuId>
                        <parentMenuId>
                        <![CDATA[
                        DA_MENU_LIST
                        ]]>
                        </parentMenuId>
                        <title>
                        <![CDATA[
                        Geo Localization
                        ]]>
                        </title>
                    </Row>
                </Rows>
            </effectiveMenu>
        </Menu>
    </Menus>
</Entities>
