<?xml version="1.0" encoding="UTF-8"?>
<Entities
 majorVersion="9"
 minorVersion="2"
 universal="">
    <Users>
        <User
         description=""
         documentationContent=""
         enabled="true"
         homeMashup=""
         locked="false"
         lockedTime="1970-01-01T05:30:00.000Z"
         mobileMashup=""
         name="automationtest"
         passwordHash="100000:796ad4a10e97db3c3833b9d8bf8c4e0bf602a6eec6274dd9527540f0a758edfda41042407bf5114d761a3c4c099bc50f6b1cde847dd029c5e19059b88c38f467:9bb3aa4f3f3d34c45acd4661b22597b558a52a582e2f70837ad82fe01d0a260afc221a718a119418decabe07ebec106c101b137da6ce8b6308676abdcdc66cd8"
         passwordHashAlgorithm="PBKDF2WithHmacSHA512"
         passwordHashIterationCount="100000"
         passwordHashSaltSizeInBytes="64"
         passwordHashSizeInBytes="64"
         projectName="DassaultAviationPoC"
         scimExternalId=""
         scimId=""
         tags="">
            <avatar></avatar>
            <DesignTimePermissions>
                <Create></Create>
                <Read></Read>
                <Update></Update>
                <Delete></Delete>
                <Metadata></Metadata>
            </DesignTimePermissions>
            <RunTimePermissions>
                <Permissions
                 resourceName="*">
                    <PropertyRead>
                        <Principal
                         isPermitted="true"
                         name="DigitalTwinUsers"
                         type="Group"></Principal>
                    </PropertyRead>
                    <PropertyWrite>
                        <Principal
                         isPermitted="true"
                         name="DigitalTwinUsers"
                         type="Group"></Principal>
                    </PropertyWrite>
                    <ServiceInvoke>
                        <Principal
                         isPermitted="true"
                         name="DigitalTwinUsers"
                         type="Group"></Principal>
                    </ServiceInvoke>
                    <EventInvoke>
                        <Principal
                         isPermitted="true"
                         name="DigitalTwinUsers"
                         type="Group"></Principal>
                    </EventInvoke>
                    <EventSubscribe>
                        <Principal
                         isPermitted="true"
                         name="DigitalTwinUsers"
                         type="Group"></Principal>
                    </EventSubscribe>
                </Permissions>
            </RunTimePermissions>
            <VisibilityPermissions>
                <Visibility>
                    <Principal
                     isPermitted="true"
                     name="DigitalTwinDevelopers"
                     type="Organization"></Principal>
                </Visibility>
            </VisibilityPermissions>
            <ConfigurationTableDefinitions></ConfigurationTableDefinitions>
            <ConfigurationTables>
                <ConfigurationTable
                 dataShapeName=""
                 description="UserExtensions"
                 isMultiRow="true"
                 name="UserExtensions"
                 ordinal="1">
                    <DataShape>
                        <FieldDefinitions>
                            <FieldDefinition
                             baseType="DATETIME"
                             description="Last update time"
                             name="lastUpdateTime"
                             ordinal="3"></FieldDefinition>
                            <FieldDefinition
                             aspect.isPrimaryKey="true"
                             baseType="STRING"
                             description="Name"
                             name="name"
                             ordinal="1"></FieldDefinition>
                            <FieldDefinition
                             baseType="STRING"
                             description="Value"
                             name="value"
                             ordinal="2"></FieldDefinition>
                        </FieldDefinitions>
                    </DataShape>
                    <Rows>
                        <Row>
                            <lastUpdateTime>1970-01-01T00:00:00.000Z</lastUpdateTime>
                            <name>
                            <![CDATA[
                            favorites
                            ]]>
                            </name>
                            <value>
                                <json>
                                <![CDATA[
                                {"fieldName":"name","expression":"","type":"Matches"}
                                ]]>
                                </json>
                            </value>
                        </Row>
                        <Row>
                            <lastUpdateTime>1970-01-01T00:00:00.000Z</lastUpdateTime>
                            <name>
                            <![CDATA[
                            lastName
                            ]]>
                            </name>
                            <value></value>
                        </Row>
                        <Row>
                            <lastUpdateTime>1970-01-01T00:00:00.000Z</lastUpdateTime>
                            <name>
                            <![CDATA[
                            zipCode
                            ]]>
                            </name>
                            <value></value>
                        </Row>
                        <Row>
                            <lastUpdateTime>1970-01-01T00:00:00.000Z</lastUpdateTime>
                            <name>
                            <![CDATA[
                            CustomerAccounts
                            ]]>
                            </name>
                            <value>
                                <json>
                                <![CDATA[
                                {}
                                ]]>
                                </json>
                            </value>
                        </Row>
                        <Row>
                            <lastUpdateTime>1970-01-01T00:00:00.000Z</lastUpdateTime>
                            <name>
                            <![CDATA[
                            smsAddress
                            ]]>
                            </name>
                            <value></value>
                        </Row>
                        <Row>
                            <lastUpdateTime>1970-01-01T00:00:00.000Z</lastUpdateTime>
                            <name>
                            <![CDATA[
                            city
                            ]]>
                            </name>
                            <value></value>
                        </Row>
                        <Row>
                            <lastUpdateTime>1970-01-01T00:00:00.000Z</lastUpdateTime>
                            <name>
                            <![CDATA[
                            GitCommitterEmail
                            ]]>
                            </name>
                            <value>
                            <![CDATA[
                            user@email.com
                            ]]>
                            </value>
                        </Row>
                        <Row>
                            <lastUpdateTime>1970-01-01T00:00:00.000Z</lastUpdateTime>
                            <name>
                            <![CDATA[
                            LastLoginDate
                            ]]>
                            </name>
                            <value>2021-10-06T12:17:43.491Z</value>
                        </Row>
                        <Row>
                            <lastUpdateTime>1970-01-01T00:00:00.000Z</lastUpdateTime>
                            <name>
                            <![CDATA[
                            title
                            ]]>
                            </name>
                            <value></value>
                        </Row>
                        <Row>
                            <lastUpdateTime>1970-01-01T00:00:00.000Z</lastUpdateTime>
                            <name>
                            <![CDATA[
                            AcknowledgedSupportedBrowser
                            ]]>
                            </name>
                            <value>false</value>
                        </Row>
                        <Row>
                            <lastUpdateTime>1970-01-01T00:00:00.000Z</lastUpdateTime>
                            <name>
                            <![CDATA[
                            emailAddress
                            ]]>
                            </name>
                            <value></value>
                        </Row>
                        <Row>
                            <lastUpdateTime>1970-01-01T00:00:00.000Z</lastUpdateTime>
                            <name>
                            <![CDATA[
                            mainMashupGridSelectedColumns
                            ]]>
                            </name>
                            <value>
                                <json>
                                <![CDATA[
                                {"selectedColumns":[{"fieldName":"AssetID","isSelected":true},{"fieldName":"CustomEquipmentID","isSelected":true},{"fieldName":"CustomClass","isSelected":false},{"fieldName":"CustomSubClass","isSelected":false},{"fieldName":"Make","isSelected":true},{"fieldName":"Model","isSelected":true},{"fieldName":"Ownership","isSelected":false},{"fieldName":"HourMeterReading","isSelected":true},{"fieldName":"UpdateDateTime","isSelected":true},{"fieldName":"Category","isSelected":false},{"fieldName":"Class","isSelected":false},{"fieldName":"Location","isSelected":false},{"fieldName":"Division","isSelected":false},{"fieldName":"JobSite","isSelected":false},{"fieldName":"SerialNumber","isSelected":false},{"fieldName":"EquipStatus","isSelected":false}]}
                                ]]>
                                </json>
                            </value>
                        </Row>
                        <Row>
                            <lastUpdateTime>1970-01-01T00:00:00.000Z</lastUpdateTime>
                            <name>
                            <![CDATA[
                            AssignedPC
                            ]]>
                            </name>
                            <value></value>
                        </Row>
                        <Row>
                            <lastUpdateTime>1970-01-01T00:00:00.000Z</lastUpdateTime>
                            <name>
                            <![CDATA[
                            state
                            ]]>
                            </name>
                            <value></value>
                        </Row>
                        <Row>
                            <lastUpdateTime>1970-01-01T00:00:00.000Z</lastUpdateTime>
                            <name>
                            <![CDATA[
                            altEmailAddresses
                            ]]>
                            </name>
                            <value></value>
                        </Row>
                        <Row>
                            <lastUpdateTime>1970-01-01T00:00:00.000Z</lastUpdateTime>
                            <name>
                            <![CDATA[
                            dashboardMashupGridSelectedColumns
                            ]]>
                            </name>
                            <value>
                                <json>
                                <![CDATA[
                                {"selectedColumns":[{"fieldName":"Make","isSelected":true},{"fieldName":"Model","isSelected":true},{"fieldName":"Contract","isSelected":true},{"fieldName":"TimeOnRentWithinTimeframe","isSelected":true},{"fieldName":"UtilizationHours","isSelected":true},{"fieldName":"SerialNumber","isSelected":false}]}
                                ]]>
                                </json>
                            </value>
                        </Row>
                        <Row>
                            <lastUpdateTime>1970-01-01T00:00:00.000Z</lastUpdateTime>
                            <name>
                            <![CDATA[
                            homePhone
                            ]]>
                            </name>
                            <value></value>
                        </Row>
                        <Row>
                            <lastUpdateTime>1970-01-01T00:00:00.000Z</lastUpdateTime>
                            <name>
                            <![CDATA[
                            fullName
                            ]]>
                            </name>
                            <value></value>
                        </Row>
                        <Row>
                            <lastUpdateTime>1970-01-01T00:00:00.000Z</lastUpdateTime>
                            <name>
                            <![CDATA[
                            firstName
                            ]]>
                            </name>
                            <value></value>
                        </Row>
                        <Row>
                            <lastUpdateTime>1970-01-01T00:00:00.000Z</lastUpdateTime>
                            <name>
                            <![CDATA[
                            mobilePhone
                            ]]>
                            </name>
                            <value></value>
                        </Row>
                        <Row>
                            <lastUpdateTime>1970-01-01T00:00:00.000Z</lastUpdateTime>
                            <name>
                            <![CDATA[
                            mailingAddress
                            ]]>
                            </name>
                            <value></value>
                        </Row>
                        <Row>
                            <lastUpdateTime>1970-01-01T00:00:00.000Z</lastUpdateTime>
                            <name>
                            <![CDATA[
                            GitCommitterName
                            ]]>
                            </name>
                            <value>
                            <![CDATA[
                            User name
                            ]]>
                            </value>
                        </Row>
                        <Row>
                            <lastUpdateTime>1970-01-01T00:00:00.000Z</lastUpdateTime>
                            <name>
                            <![CDATA[
                            middleName
                            ]]>
                            </name>
                            <value></value>
                        </Row>
                        <Row>
                            <lastUpdateTime>1970-01-01T00:00:00.000Z</lastUpdateTime>
                            <name>
                            <![CDATA[
                            workPhone
                            ]]>
                            </name>
                            <value></value>
                        </Row>
                        <Row>
                            <lastUpdateTime>1970-01-01T00:00:00.000Z</lastUpdateTime>
                            <name>
                            <![CDATA[
                            UseGitCommitUserValues
                            ]]>
                            </name>
                            <value>false</value>
                        </Row>
                        <Row>
                            <lastUpdateTime>1970-01-01T00:00:00.000Z</lastUpdateTime>
                            <name>
                            <![CDATA[
                            CompanyCode
                            ]]>
                            </name>
                            <value></value>
                        </Row>
                    </Rows>
                </ConfigurationTable>
                <ConfigurationTable
                 dataShapeName=""
                 description="Settings"
                 isMultiRow="false"
                 name="Settings"
                 ordinal="2">
                    <DataShape>
                        <FieldDefinitions>
                            <FieldDefinition
                             aspect.defaultValue=""
                             aspect.isPrimaryKey="true"
                             baseType="STRING"
                             description="Primary language"
                             name="language"
                             ordinal="0"></FieldDefinition>
                        </FieldDefinitions>
                    </DataShape>
                    <Rows>
                        <Row>
                            <language></language>
                        </Row>
                    </Rows>
                </ConfigurationTable>
            </ConfigurationTables>
            <PersistentValues></PersistentValues>
        </User>
    </Users>
</Entities>
