<?xml version="1.0" encoding="UTF-8"?>
<Entities
 majorVersion="9"
 minorVersion="2"
 universal="">
    <Mashups>
        <Mashup
         aspect.isFlex="true"
         aspect.isResponsive="true"
         aspect.mashupType="mashup"
         columns="0.0"
         description=""
         documentationContent=""
         homeMashup=""
         name="DA.SVGTEST_MASHUP"
         projectName="DassaultAviationPoC"
         rows="0.0"
         tags="DassaultAviation:Geolocation">
            <avatar></avatar>
            <DesignTimePermissions>
                <Create></Create>
                <Read></Read>
                <Update></Update>
                <Delete></Delete>
                <Metadata></Metadata>
            </DesignTimePermissions>
            <RunTimePermissions>
                <Permissions
                 resourceName="*">
                    <PropertyRead>
                        <Principal
                         isPermitted="true"
                         name="DigitalTwinUsers"
                         type="Group"></Principal>
                    </PropertyRead>
                    <PropertyWrite>
                        <Principal
                         isPermitted="true"
                         name="DigitalTwinUsers"
                         type="Group"></Principal>
                    </PropertyWrite>
                    <ServiceInvoke>
                        <Principal
                         isPermitted="true"
                         name="DigitalTwinUsers"
                         type="Group"></Principal>
                    </ServiceInvoke>
                    <EventInvoke>
                        <Principal
                         isPermitted="true"
                         name="DigitalTwinUsers"
                         type="Group"></Principal>
                    </EventInvoke>
                    <EventSubscribe>
                        <Principal
                         isPermitted="true"
                         name="DigitalTwinUsers"
                         type="Group"></Principal>
                    </EventSubscribe>
                </Permissions>
            </RunTimePermissions>
            <VisibilityPermissions>
                <Visibility>
                    <Principal
                     isPermitted="true"
                     name="DigitalTwinDevelopers"
                     type="Organization"></Principal>
                </Visibility>
            </VisibilityPermissions>
            <ConfigurationTableDefinitions></ConfigurationTableDefinitions>
            <ConfigurationTables>
                <ConfigurationTable
                 dataShapeName=""
                 description="Mashup Mobile Settings"
                 isHidden="true"
                 isMultiRow="false"
                 name="MobileSettings"
                 ordinal="0">
                    <DataShape>
                        <FieldDefinitions>
                            <FieldDefinition
                             aspect.defaultValue="false"
                             aspect.friendlyName="Disable Zoom"
                             baseType="BOOLEAN"
                             description="Disables zooming in and out within the mashup"
                             name="disableZoom"
                             ordinal="0"></FieldDefinition>
                            <FieldDefinition
                             aspect.defaultValue="true"
                             aspect.friendlyName="Full Screen Mode"
                             baseType="BOOLEAN"
                             description="Open the mashup in full screen mode"
                             name="fullScreenMode"
                             ordinal="0"></FieldDefinition>
                            <FieldDefinition
                             aspect.friendlyName="Height"
                             baseType="STRING"
                             description="The height of the mashup page"
                             name="height"
                             ordinal="0"></FieldDefinition>
                            <FieldDefinition
                             aspect.defaultValue="device-height"
                             aspect.friendlyName="Height Type"
                             baseType="STRING"
                             description="Use the height of the device display, or a custom height (in px)"
                             name="heightType"
                             ordinal="0"></FieldDefinition>
                            <FieldDefinition
                             aspect.defaultValue="1.0"
                             aspect.friendlyName="Initial Scale"
                             baseType="NUMBER"
                             description="The initial zoom scale when the mashup is loaded for the first time"
                             name="initialScale"
                             ordinal="0"></FieldDefinition>
                            <FieldDefinition
                             aspect.friendlyName="Shortcut Icon Title"
                             baseType="STRING"
                             description="A title for the mashup shortcut on the iOS home screen"
                             name="iosShortcutIconTitle"
                             ordinal="0"></FieldDefinition>
                            <FieldDefinition
                             aspect.defaultValue="black-translucent"
                             aspect.friendlyName="Status Bar Appearance"
                             baseType="STRING"
                             description="The style of the iOS status bar"
                             name="iosStatusBarAppearance"
                             ordinal="0"></FieldDefinition>
                            <FieldDefinition
                             aspect.defaultValue="10.0"
                             aspect.friendlyName="Maximum Scale"
                             baseType="NUMBER"
                             description="The maximum scale that users can zoom out to"
                             name="maximumScale"
                             ordinal="0"></FieldDefinition>
                            <FieldDefinition
                             aspect.defaultValue="0.1"
                             aspect.friendlyName="Minimum Scale"
                             baseType="NUMBER"
                             description="The minimum scale that users can zoom out to"
                             name="minimumScale"
                             ordinal="0"></FieldDefinition>
                            <FieldDefinition
                             aspect.friendlyName="Width"
                             baseType="STRING"
                             description="The width of the mashup page"
                             name="width"
                             ordinal="0"></FieldDefinition>
                            <FieldDefinition
                             aspect.defaultValue="device-width"
                             aspect.friendlyName="Width Type"
                             baseType="STRING"
                             description="Use the width of the device display, or a custom width (in px)"
                             name="widthType"
                             ordinal="0"></FieldDefinition>
                        </FieldDefinitions>
                    </DataShape>
                    <Rows>
                        <Row>
                            <disableZoom>false</disableZoom>
                            <fullScreenMode>true</fullScreenMode>
                            <height>
                            <![CDATA[
                            device-height
                            ]]>
                            </height>
                            <heightType>
                            <![CDATA[
                            device-height
                            ]]>
                            </heightType>
                            <initialScale>1.0</initialScale>
                            <iosShortcutIconTitle></iosShortcutIconTitle>
                            <iosStatusBarAppearance>
                            <![CDATA[
                            black-translucent
                            ]]>
                            </iosStatusBarAppearance>
                            <maximumScale>10.0</maximumScale>
                            <minimumScale>0.1</minimumScale>
                            <width>
                            <![CDATA[
                            device-width
                            ]]>
                            </width>
                            <widthType>
                            <![CDATA[
                            device-width
                            ]]>
                            </widthType>
                        </Row>
                    </Rows>
                </ConfigurationTable>
            </ConfigurationTables>
            <ParameterDefinitions></ParameterDefinitions>
            <Things></Things>
            <ThingShapes></ThingShapes>
            <ThingTemplates></ThingTemplates>
            <mashupContent>
            <![CDATA[
            {
              "CustomMashupCss" : "",
              "Data" : {
                "Session" : {
                  "DataName" : "Session",
                  "EntityName" : "",
                  "EntityType" : "Session",
                  "Id" : "session",
                  "Services" : [ {
                    "APIMethod" : "post",
                    "Characteristic" : "Services",
                    "Id" : "SessionInterface",
                    "Name" : "GetGlobalSessionValues",
                    "Parameters" : { },
                    "RefreshInterval" : 0,
                    "Target" : "GetGlobalSessionValues"
                  } ]
                },
                "Things_DA_MP_TEST_THING" : {
                  "DataName" : "Things_DA_MP_TEST_THING",
                  "EntityName" : "DA_MP_TEST_THING",
                  "EntityType" : "Things",
                  "Id" : "3eeaef28-fe06-4b6b-ab50-9018127e118f",
                  "RefreshInterval" : 0,
                  "Services" : [ {
                    "APIMethod" : "post",
                    "Characteristic" : "Services",
                    "Id" : "a0db83be-379e-4e28-9ca3-cd2c99405241",
                    "Name" : "svgWidgetTestService",
                    "Parameters" : { },
                    "RefreshInterval" : 0,
                    "Target" : "svgWidgetTestService"
                  } ]
                },
                "Things_DA_SVGHandler_Thing" : {
                  "DataName" : "Things_DA_SVGHandler_Thing",
                  "EntityName" : "DA_SVGHandler_Thing",
                  "EntityType" : "Things",
                  "Id" : "a28647fd-fe5f-436f-9f46-e1e1fc49dd35",
                  "RefreshInterval" : 0,
                  "Services" : [ {
                    "APIMethod" : "post",
                    "Characteristic" : "Services",
                    "Id" : "8cbba5a7-e3af-444e-aed0-89ab6cb76e1f",
                    "Name" : "UpdateGenericInfo",
                    "Parameters" : {
                      "thingName" : "DA_Quppa1_Thing"
                    },
                    "RefreshInterval" : 0,
                    "Target" : "UpdateGenericInfo"
                  }, {
                    "APIMethod" : "post",
                    "Characteristic" : "Services",
                    "Id" : "656f5415-6ea9-4afc-8582-9f18c40bc8af",
                    "Name" : "UpdateGenericInfoCopy",
                    "Parameters" : { },
                    "RefreshInterval" : 0,
                    "Target" : "UpdateGenericInfoCopy"
                  }, {
                    "APIMethod" : "post",
                    "Characteristic" : "Services",
                    "Id" : "d9d31af6-8264-4c8a-a238-66ef14d47008",
                    "Name" : "GetOverridingDetails",
                    "Parameters" : { },
                    "RefreshInterval" : 0,
                    "Target" : "GetOverridingDetails"
                  }, {
                    "APIMethod" : "post",
                    "Characteristic" : "Services",
                    "Id" : "62df30ae-c431-47ba-b793-bf1b1eab3b1c",
                    "Name" : "UpdateGenericInfoCopy1",
                    "Parameters" : { },
                    "RefreshInterval" : 0,
                    "Target" : "UpdateGenericInfoCopy1"
                  }, {
                    "APIMethod" : "post",
                    "Characteristic" : "Services",
                    "Id" : "5113cda6-0362-4c3b-ae74-e8463019a3bc",
                    "Name" : "MapGridDetails",
                    "Parameters" : { },
                    "RefreshInterval" : 0,
                    "Target" : "MapGridDetails"
                  }, {
                    "APIMethod" : "post",
                    "Characteristic" : "Services",
                    "Id" : "5e0ae149-0c4d-4fe9-a0a2-72093b623904",
                    "Name" : "GetOverridingDetailsCopy",
                    "Parameters" : { },
                    "RefreshInterval" : 0,
                    "Target" : "GetOverridingDetailsCopy"
                  }, {
                    "APIMethod" : "post",
                    "Characteristic" : "Services",
                    "Id" : "fb12ce32-9928-48ea-a5ca-b9afbf09ba62",
                    "Name" : "GetPointOnSVG",
                    "Parameters" : { },
                    "RefreshInterval" : 0,
                    "Target" : "GetPointOnSVG"
                  }, {
                    "APIMethod" : "post",
                    "Characteristic" : "Services",
                    "Id" : "96c79181-f321-4d2c-a227-401a38894ac5",
                    "Name" : "GetOverrideInfo",
                    "Parameters" : { },
                    "RefreshInterval" : 0,
                    "Target" : "GetOverrideInfo"
                  } ]
                },
                "Things_GeoLoc_DT" : {
                  "DataName" : "Things_GeoLoc_DT",
                  "EntityName" : "GeoLoc_DT",
                  "EntityType" : "Things",
                  "Id" : "ac6048de-fed0-451c-8d59-efaef91d9829",
                  "RefreshInterval" : 0,
                  "Services" : [ {
                    "APIMethod" : "post",
                    "Characteristic" : "Services",
                    "Id" : "f543b042-ae72-49b8-9cc9-ebab372a2a2d",
                    "Name" : "QueryDataTableEntries",
                    "Parameters" : { },
                    "RefreshInterval" : 0,
                    "Target" : "QueryDataTableEntries"
                  } ]
                },
                "Things_SvgDataCollectorThing" : {
                  "DataName" : "Things_SvgDataCollectorThing",
                  "EntityName" : "SvgDataCollectorThing",
                  "EntityType" : "Things",
                  "Id" : "7236d054-c37e-4b29-8f03-d6e0aaaaebb5",
                  "RefreshInterval" : 0,
                  "Services" : [ {
                    "APIMethod" : "post",
                    "Characteristic" : "Services",
                    "Id" : "1c5ba883-75fa-45be-add7-00181eea1b1d",
                    "Name" : "CollectOverridesForNetwork",
                    "Parameters" : { },
                    "RefreshInterval" : 0,
                    "Target" : "CollectOverridesForNetwork"
                  }, {
                    "APIMethod" : "post",
                    "Characteristic" : "Services",
                    "Id" : "0f1363ca-d17c-4deb-ab04-bb7bb4f05316",
                    "Name" : "GetProperties",
                    "Parameters" : { },
                    "RefreshInterval" : 0,
                    "Target" : "GetProperties"
                  } ]
                },
                "Things_SvgOverrideDataTable" : {
                  "DataName" : "Things_SvgOverrideDataTable",
                  "EntityName" : "SvgOverrideDataTable",
                  "EntityType" : "Things",
                  "Id" : "e2d9cee9-6cbe-4127-8b7c-4707a9bd8fdb",
                  "RefreshInterval" : 0,
                  "Services" : [ {
                    "APIMethod" : "post",
                    "Characteristic" : "Services",
                    "Id" : "14f46e91-20da-421f-9f61-481983109358",
                    "Name" : "GetDataTableEntries",
                    "Parameters" : { },
                    "RefreshInterval" : 0,
                    "Target" : "GetDataTableEntries"
                  } ]
                },
                "UserExtensions" : {
                  "DataName" : "UserExtensions",
                  "EntityName" : "",
                  "EntityType" : "UserExtensions",
                  "Id" : "UserExtensions",
                  "Services" : [ {
                    "APIMethod" : "post",
                    "Characteristic" : "Services",
                    "Id" : "UserExtensionInterface",
                    "Name" : "GetCurrentUserExtensionProperties",
                    "Parameters" : { },
                    "RefreshInterval" : 0,
                    "Target" : "GetCurrentUserExtensionProperties"
                  } ]
                }
              },
              "DataBindings" : [ {
                "Id" : "0f7c5c60-8379-4d71-b36f-1df66823666c",
                "PropertyMaps" : [ {
                  "SourceProperty" : "",
                  "SourcePropertyBaseType" : "INFOTABLE",
                  "SourcePropertyType" : "InfoTable",
                  "TargetProperty" : "Data",
                  "TargetPropertyBaseType" : "INFOTABLE",
                  "TargetPropertyType" : "property"
                } ],
                "SourceArea" : "Data",
                "SourceDetails" : "AllData",
                "SourceId" : "MapGridDetails",
                "SourceName" : "MapGridDetails",
                "SourceSection" : "Things_DA_SVGHandler_Thing",
                "TargetArea" : "UI",
                "TargetId" : "gridadvanced-14",
                "TargetSection" : ""
              }, {
                "Id" : "e99fc0d1-3911-4592-8e86-62bc284c4a2b",
                "PropertyMaps" : [ {
                  "SourceProperty" : "tagName",
                  "SourcePropertyBaseType" : "STRING",
                  "SourcePropertyType" : "Field",
                  "TargetProperty" : "TagName",
                  "TargetPropertyBaseType" : "STRING",
                  "TargetPropertyType" : "Parameter"
                } ],
                "SourceArea" : "Data",
                "SourceDetails" : "SelectedRows",
                "SourceId" : "MapGridDetails",
                "SourceSection" : "Things_DA_SVGHandler_Thing",
                "TargetArea" : "Data",
                "TargetId" : "GetPointOnSVG",
                "TargetSection" : "Things_DA_SVGHandler_Thing"
              }, {
                "Id" : "ef1c6611-1904-440e-90f4-2c9d3bd7eea4",
                "PropertyMaps" : [ {
                  "SourceProperty" : "",
                  "SourcePropertyBaseType" : "INFOTABLE",
                  "SourcePropertyType" : "InfoTable",
                  "TargetProperty" : "Data",
                  "TargetPropertyBaseType" : "INFOTABLE",
                  "TargetPropertyType" : "property"
                } ],
                "SourceArea" : "Data",
                "SourceDetails" : "AllData",
                "SourceId" : "GetOverrideInfo",
                "SourceSection" : "Things_DA_SVGHandler_Thing",
                "TargetArea" : "UI",
                "TargetId" : "SvgViewerWidget-3",
                "TargetSection" : ""
              } ],
              "DesignTimePermissions" : { },
              "Events" : [ {
                "EventHandlerArea" : "Data",
                "EventHandlerId" : "Things_DA_MP_TEST_THING",
                "EventHandlerService" : "svgWidgetTestService",
                "EventTriggerArea" : "Mashup",
                "EventTriggerEvent" : "Loaded",
                "EventTriggerId" : "mashup-root",
                "EventTriggerSection" : "",
                "Id" : "2d31c1c2-9400-4b00-b23f-6c8ab9690f2e"
              }, {
                "EventHandlerArea" : "Data",
                "EventHandlerId" : "Things_SvgDataCollectorThing",
                "EventHandlerService" : "CollectOverridesForNetwork",
                "EventTriggerArea" : "Mashup",
                "EventTriggerEvent" : "Loaded",
                "EventTriggerId" : "mashup-root",
                "EventTriggerSection" : "",
                "Id" : "ec2fdb46-ff60-42a0-a4a4-da93e6ca2bd2"
              }, {
                "EventHandlerArea" : "Data",
                "EventHandlerId" : "Things_SvgDataCollectorThing",
                "EventHandlerService" : "GetProperties",
                "EventTriggerArea" : "Mashup",
                "EventTriggerEvent" : "Loaded",
                "EventTriggerId" : "mashup-root",
                "EventTriggerSection" : "",
                "Id" : "7508b38f-760f-48c2-85f6-731d04c1f481"
              }, {
                "EventHandlerArea" : "UI",
                "EventHandlerId" : "SvgViewerWidget-3",
                "EventHandlerService" : "PanOntoSelected",
                "EventTriggerArea" : "Mashup",
                "EventTriggerEvent" : "Loaded",
                "EventTriggerId" : "mashup-root",
                "EventTriggerSection" : "",
                "Id" : "720cddd6-3cb6-427b-aa18-aaca03aa918f"
              }, {
                "EventHandlerArea" : "Data",
                "EventHandlerId" : "Things_GeoLoc_DT",
                "EventHandlerService" : "QueryDataTableEntries",
                "EventTriggerArea" : "Mashup",
                "EventTriggerEvent" : "Loaded",
                "EventTriggerId" : "mashup-root",
                "EventTriggerSection" : "",
                "Id" : "fc30a83c-56ef-417b-893f-67dccb2f7306"
              }, {
                "EventHandlerArea" : "Data",
                "EventHandlerId" : "Things_SvgOverrideDataTable",
                "EventHandlerService" : "GetDataTableEntries",
                "EventTriggerArea" : "Mashup",
                "EventTriggerEvent" : "Loaded",
                "EventTriggerId" : "mashup-root",
                "EventTriggerSection" : "",
                "Id" : "716a6ffd-7a5e-4d07-80b9-f385fcc5fbd7"
              }, {
                "EventHandlerArea" : "Data",
                "EventHandlerId" : "Things_DA_SVGHandler_Thing",
                "EventHandlerService" : "UpdateGenericInfo",
                "EventTriggerArea" : "Mashup",
                "EventTriggerEvent" : "Loaded",
                "EventTriggerId" : "mashup-root",
                "EventTriggerSection" : "",
                "Id" : "3217535e-c6c1-442e-b2f8-80e93acc662c"
              }, {
                "EventHandlerArea" : "Data",
                "EventHandlerId" : "Things_DA_SVGHandler_Thing",
                "EventHandlerService" : "UpdateGenericInfo",
                "EventTriggerArea" : "Mashup",
                "EventTriggerEvent" : "Loaded",
                "EventTriggerId" : "mashup-root",
                "EventTriggerSection" : "",
                "Id" : "31b1b088-8df5-49ee-8113-f3ea6b2b3ca7"
              }, {
                "EventHandlerArea" : "Data",
                "EventHandlerId" : "Things_DA_SVGHandler_Thing",
                "EventHandlerService" : "UpdateGenericInfoCopy",
                "EventTriggerArea" : "Mashup",
                "EventTriggerEvent" : "Loaded",
                "EventTriggerId" : "mashup-root",
                "EventTriggerSection" : "",
                "Id" : "fc959330-8921-4425-8ab4-0ea946f46be9"
              }, {
                "EventHandlerArea" : "Data",
                "EventHandlerId" : "Things_DA_SVGHandler_Thing",
                "EventHandlerService" : "GetOverridingDetails",
                "EventTriggerArea" : "Mashup",
                "EventTriggerEvent" : "Loaded",
                "EventTriggerId" : "mashup-root",
                "EventTriggerSection" : "",
                "Id" : "58a5f628-51e7-4d03-8653-444fbeea241f"
              }, {
                "EventHandlerArea" : "Data",
                "EventHandlerId" : "Things_DA_SVGHandler_Thing",
                "EventHandlerService" : "MapGridDetails",
                "EventTriggerArea" : "Mashup",
                "EventTriggerEvent" : "Loaded",
                "EventTriggerId" : "mashup-root",
                "EventTriggerSection" : "",
                "Id" : "13578bba-6313-4c39-ad45-a4f9945d62d1"
              }, {
                "EventHandlerArea" : "Data",
                "EventHandlerId" : "Things_DA_SVGHandler_Thing",
                "EventHandlerService" : "MapGridDetails",
                "EventTriggerArea" : "UI",
                "EventTriggerEvent" : "Refresh",
                "EventTriggerId" : "autorefresh-16",
                "EventTriggerSection" : "",
                "Id" : "872c9ce6-2abc-45d9-a7f9-095f1b94b5e6"
              }, {
                "EventHandlerArea" : "Data",
                "EventHandlerId" : "Things_DA_SVGHandler_Thing",
                "EventHandlerService" : "GetOverridingDetailsCopy",
                "EventTriggerArea" : "Mashup",
                "EventTriggerEvent" : "Loaded",
                "EventTriggerId" : "mashup-root",
                "EventTriggerSection" : "",
                "Id" : "f3909566-37e8-4ca6-a543-f313d1ecd61e"
              }, {
                "EventHandlerArea" : "Data",
                "EventHandlerId" : "Things_DA_SVGHandler_Thing",
                "EventHandlerService" : "GetPointOnSVG",
                "EventTriggerArea" : "UI",
                "EventTriggerEvent" : "DoubleClicked",
                "EventTriggerId" : "gridadvanced-14",
                "EventTriggerSection" : "",
                "Id" : "1a1ee3fe-f769-4f73-8b76-f0e629b697aa"
              }, {
                "EventHandlerArea" : "Data",
                "EventHandlerId" : "Things_DA_SVGHandler_Thing",
                "EventHandlerService" : "GetOverrideInfo",
                "EventTriggerArea" : "Data",
                "EventTriggerEvent" : "ServiceInvokeCompleted",
                "EventTriggerId" : "GetPointOnSVG",
                "EventTriggerSection" : "Things_DA_SVGHandler_Thing",
                "Id" : "ee074420-efbc-4569-8df2-870b7f291220"
              }, {
                "EventHandlerArea" : "UI",
                "EventHandlerId" : "SvgViewerWidget-3",
                "EventHandlerService" : "PanOntoSelected",
                "EventTriggerArea" : "Data",
                "EventTriggerEvent" : "ServiceInvokeCompleted",
                "EventTriggerId" : "GetOverrideInfo",
                "EventTriggerSection" : "Things_DA_SVGHandler_Thing",
                "Id" : "b6599f1d-9502-4ebd-bdf5-de1439e493f0"
              }, {
                "EventHandlerArea" : "Data",
                "EventHandlerId" : "Things_DA_SVGHandler_Thing",
                "EventHandlerService" : "GetOverrideInfo",
                "EventTriggerArea" : "Data",
                "EventTriggerEvent" : "ServiceInvokeCompleted",
                "EventTriggerId" : "GetOverridingDetails",
                "EventTriggerSection" : "Things_DA_SVGHandler_Thing",
                "Id" : "f19afdf1-b6d9-4829-9ec9-d6141e831892"
              } ],
              "RunTimePermissions" : { },
              "UI" : {
                "Properties" : {
                  "AddToDashboardButton" : "SimplePlus",
                  "AddToDashboardButtonStyle" : "DefaultAddToDashboardButtonStyle",
                  "Area" : "Mashup",
                  "BGImage" : "",
                  "BGImageRepeat" : "no-repeat",
                  "BGImageSize" : "auto",
                  "Columns" : 0,
                  "ConfigureGadgetButton" : "SimpleGear",
                  "ConfigureGadgetButtonStyle" : "DefaultConfigureGadgetButtonStyle",
                  "DisplayName" : "Mashup",
                  "EnableParameterEditing" : false,
                  "Height" : 618,
                  "Id" : "mashup-root",
                  "IgnoreWarningsInViewMashup" : false,
                  "IsPrintLayout" : false,
                  "Left" : 0,
                  "MashupToEditGadget" : "DefaultMashupToEditGadget",
                  "MinHeight" : 0,
                  "MinWidth" : 0,
                  "ResponsiveLayout" : true,
                  "Rows" : 0,
                  "ShowDataLoading" : true,
                  "Style" : "DefaultMashupStyle",
                  "StyleProperties" : {
                    "data" : { },
                    "meta" : {
                      "type" : "WidgetStyler",
                      "version" : "1.0"
                    }
                  },
                  "StyleTheme" : "PTC Convergence Theme",
                  "Title" : "",
                  "TitleBar" : false,
                  "TitleBarStyle" : "DefaultTitleBarStyle",
                  "TitleBarText" : "Gadget Title Here",
                  "Top" : 0,
                  "Type" : "mashup",
                  "UseMasterTheme" : false,
                  "UseTheme" : false,
                  "UseThemeForHybrids" : false,
                  "Visible" : true,
                  "Width" : 1024,
                  "Z-index" : 10,
                  "__TypeDisplayName" : "Mashup",
                  "id_index" : 16,
                  "supportsAutoResize" : true
                },
                "Widgets" : [ {
                  "Properties" : {
                    "Area" : "UI",
                    "DisplayName" : "container-2",
                    "EnableExpandCollapse" : false,
                    "Expanded" : true,
                    "Id" : "flexcontainer-2",
                    "LastContainer" : true,
                    "Overlay" : false,
                    "ResponsiveLayout" : true,
                    "ShowDataLoading" : true,
                    "ShowExpandCollapseTab" : false,
                    "SourceURL" : "",
                    "Style" : "DefaultContainerStyle",
                    "StyleProperties" : { },
                    "Type" : "flexcontainer",
                    "UseTheme" : true,
                    "Visible" : true,
                    "Z-index" : 10,
                    "__TypeDisplayName" : "Responsive Container",
                    "align-content" : "flex-start",
                    "align-items" : "flex-start",
                    "flex-basis" : "auto",
                    "flex-direction" : "row",
                    "flex-grow" : 1,
                    "flex-max-height" : "",
                    "flex-max-width" : "",
                    "flex-min-height" : "",
                    "flex-min-width" : "",
                    "flex-shrink" : 1,
                    "flex-size" : "default",
                    "flex-wrap" : "nowrap",
                    "iconClass" : "widgets-flexcontainer",
                    "justify-content" : "flex-start",
                    "positioning" : "responsive",
                    "userCannotRemove" : true
                  },
                  "Widgets" : [ {
                    "Properties" : {
                      "Area" : "UI",
                      "DisplayName" : "container-13",
                      "EnableExpandCollapse" : false,
                      "Expanded" : true,
                      "Id" : "flexcontainer-13",
                      "LastContainer" : false,
                      "Overlay" : false,
                      "ResponsiveLayout" : false,
                      "ShowDataLoading" : true,
                      "ShowExpandCollapseTab" : false,
                      "SourceURL" : "",
                      "Style" : "DefaultContainerStyle",
                      "StyleProperties" : { },
                      "Type" : "flexcontainer",
                      "UseTheme" : true,
                      "Visible" : true,
                      "Z-index" : 10,
                      "__TypeDisplayName" : "Responsive Container",
                      "align-content" : "flex-start",
                      "align-items" : "flex-start",
                      "flex-basis" : "auto",
                      "flex-direction" : "row",
                      "flex-grow" : 1,
                      "flex-max-height" : "",
                      "flex-max-width" : "405px",
                      "flex-min-height" : "",
                      "flex-min-width" : "405px",
                      "flex-shrink" : 1,
                      "flex-size" : "fixed",
                      "flex-wrap" : "nowrap",
                      "iconClass" : "widgets-flexcontainer-fixed",
                      "isLocked" : false,
                      "justify-content" : "flex-start",
                      "positioning" : "responsive",
                      "userCannotRemove" : false
                    },
                    "Widgets" : [ {
                      "Properties" : {
                        "Area" : "UI",
                        "AutoScroll" : true,
                        "CellBorderStyle" : "DefaultGridAdvancedCellBorderStyle",
                        "CellValidationErrorStyle" : "DefaultGridAdvancedCellValidationErrorStyle",
                        "CellValidationErrorTooltipStyle" : "DefaultGridAdvancedCellValidationErrorTooltipStyle",
                        "ColumnFormat" : {
                          "formatInfo" : [ {
                            "Align" : "left",
                            "AllowEdit" : false,
                            "FieldName" : "tagName",
                            "FormatOptions" : {
                              "FormatString" : "full",
                              "renderer" : "STRING"
                            },
                            "Title" : "tagName",
                            "ValidationExpression" : "",
                            "ValidationMessage" : "",
                            "Width" : "auto"
                          }, {
                            "Align" : "left",
                            "AllowEdit" : false,
                            "FieldName" : "x",
                            "FormatOptions" : {
                              "FormatString" : "full",
                              "renderer" : "STRING"
                            },
                            "Title" : "x",
                            "ValidationExpression" : "",
                            "ValidationMessage" : "",
                            "Width" : "auto"
                          }, {
                            "Align" : "left",
                            "AllowEdit" : false,
                            "FieldName" : "y",
                            "FormatOptions" : {
                              "FormatString" : "full",
                              "renderer" : "STRING"
                            },
                            "Title" : "y",
                            "ValidationExpression" : "",
                            "ValidationMessage" : "",
                            "Width" : "auto"
                          }, {
                            "Align" : "left",
                            "AllowEdit" : false,
                            "FieldName" : "name",
                            "FormatOptions" : {
                              "FormatString" : "full",
                              "renderer" : "STRING"
                            },
                            "Title" : "name",
                            "ValidationExpression" : "",
                            "ValidationMessage" : "",
                            "Width" : "auto"
                          } ]
                        },
                        "Configuration" : "",
                        "ConfigurationId" : 0,
                        "CookiePersistence" : true,
                        "DataOverflow" : "clipped",
                        "DataServiceBindingDef" : {
                          "entityName" : "DA_SVGHandler_Thing",
                          "entityType" : "Things",
                          "target" : "MapGridDetails"
                        },
                        "DefaultSelectedRows" : "",
                        "DisplayName" : "gridadvanced-14",
                        "DisplayOnlyMode" : false,
                        "EditButtonsLocation" : "top-right",
                        "EnableAddDeleteButtons" : false,
                        "EnableCallbackOnSelectedRowsChange" : true,
                        "EnableContextMenu" : true,
                        "EnableEditButtons" : false,
                        "EnableFilterEventOnConfigChange" : true,
                        "EnableFooter" : false,
                        "EnableGridReset" : false,
                        "EnableGridSearch" : false,
                        "EnableKeyboardNavigation" : true,
                        "EnableSorting" : false,
                        "FocusStyle" : "DefaultFocusStyle",
                        "GridResetButtonLocation" : "top-right",
                        "GridSearchLocation" : "top-left",
                        "HeaderOverflow" : "tooltip",
                        "Height" : 200,
                        "IDFieldName" : "id",
                        "Id" : "gridadvanced-14",
                        "IsEditable" : false,
                        "LastContainer" : false,
                        "Left" : 22,
                        "Margin" : "5",
                        "MaxHeaderHeight" : 100,
                        "MinRowHeight" : 30,
                        "ResponsiveLayout" : false,
                        "RowAlternateBackgroundStyle" : "DefaultGridAdvancedRowAlternateBackgroundStyle",
                        "RowBackgroundStyle" : "DefaultGridAdvancedRowBackgroundStyle",
                        "RowBorderStyle" : "DefaultGridAdvancedRowBorderStyle",
                        "RowFormat_StateParameters" : [ ],
                        "RowHoverStyle" : "DefaultGridAdvancedRowHoverStyle",
                        "RowSelectedStyle" : "DefaultGridAdvancedRowSelectedStyle",
                        "RowSelection" : "none",
                        "SelectedRows" : "",
                        "ShowDataLoading" : true,
                        "SortAscendingStyle" : "DefaultSortAscendingStyle",
                        "SortDescendingStyle" : "DefaultSortDescendingStyle",
                        "TableFooterStyle" : "DefaultGridAdvancedFooterStyle",
                        "TableHeaderStyle" : "DefaultGridAdvancedHeaderStyle",
                        "TableWrapperStyle" : "DefaultGridAdvancedWrapperStyle",
                        "ToolbarStyle" : "DefaultToolbarStyle",
                        "TooltipStyle" : "DefaultTooltipStyle",
                        "Top" : 51.33332824707031,
                        "Type" : "gridadvanced",
                        "UseTheme" : false,
                        "Visible" : true,
                        "Width" : 400,
                        "Z-index" : 10,
                        "__TypeDisplayName" : "Grid Advanced"
                      },
                      "Widgets" : [ ]
                    }, {
                      "Properties" : {
                        "ActiveStyle" : "DefaultButtonActiveStyle",
                        "Area" : "UI",
                        "AutoRefresh" : true,
                        "AutoRefreshTabSequence" : 0,
                        "DisplayName" : "autorefresh-16",
                        "FocusStyle" : "DefaultButtonFocusStyle",
                        "Height" : 28,
                        "HoverStyle" : "DefaultButtonHoverStyle",
                        "IconAlignment" : "left",
                        "Id" : "autorefresh-16",
                        "Label" : "Refresh Now",
                        "LastContainer" : false,
                        "Left" : 114.66666412353516,
                        "Margin" : "5",
                        "RefreshInterval" : 30,
                        "RefreshNowTabSequence" : 0,
                        "RefreshToggleLabel" : "On",
                        "RefreshToggleLabelOff" : "Off",
                        "RefreshToggleSliderStyle" : "DefaultAutoRefreshToggleSliderStyle",
                        "RefreshToggleStyle" : "DefaultAutoRefreshToggleStyle",
                        "RefreshToggleStyleOff" : "DefaultAutoRefreshToggleOffStyle",
                        "ResponsiveLayout" : false,
                        "ShowControls" : true,
                        "ShowDataLoading" : true,
                        "Style" : "DefaultButtonStyle",
                        "Top" : 173.99999618530273,
                        "Type" : "autorefresh",
                        "Visible" : false,
                        "Width" : 180,
                        "Z-index" : 10,
                        "__TypeDisplayName" : "Auto Refresh"
                      },
                      "Widgets" : [ ]
                    } ]
                  }, {
                    "Properties" : {
                      "Area" : "UI",
                      "DisplayName" : "container-4",
                      "EnableExpandCollapse" : false,
                      "Expanded" : true,
                      "Id" : "flexcontainer-4",
                      "LastContainer" : true,
                      "Overlay" : false,
                      "ResponsiveLayout" : false,
                      "ShowDataLoading" : true,
                      "ShowExpandCollapseTab" : false,
                      "SourceURL" : "",
                      "Style" : "DefaultContainerStyle",
                      "StyleProperties" : { },
                      "Type" : "flexcontainer",
                      "UseTheme" : true,
                      "Visible" : true,
                      "Z-index" : 10,
                      "__TypeDisplayName" : "Responsive Container",
                      "align-content" : "flex-start",
                      "align-items" : "flex-start",
                      "flex-basis" : "auto",
                      "flex-direction" : "row",
                      "flex-grow" : 1,
                      "flex-max-height" : "",
                      "flex-max-width" : "",
                      "flex-min-height" : "",
                      "flex-min-width" : "",
                      "flex-shrink" : 1,
                      "flex-size" : "default",
                      "flex-wrap" : "nowrap",
                      "iconClass" : "widgets-flexcontainer",
                      "isLocked" : true,
                      "justify-content" : "flex-start",
                      "positioning" : "responsive",
                      "userCannotRemove" : false
                    },
                    "Widgets" : [ {
                      "Properties" : {
                        "ApplyToChildren" : false,
                        "Area" : "UI",
                        "DataIdField" : "elementName",
                        "DataSelectorField" : "",
                        "DisplayName" : "SvgViewerWidget-3",
                        "Id" : "SvgViewerWidget-3",
                        "ImageHeight" : "100%",
                        "ImageWidth" : "100%",
                        "InitialXPosition" : 0,
                        "InitialYPosition" : 20,
                        "InitialZoom" : 1,
                        "LastContainer" : false,
                        "Left" : 162,
                        "OverrideListField" : "overrideInfo",
                        "ResetOverrideAttributeIfEmpty" : false,
                        "ResponsiveLayout" : true,
                        "SVGFileUrl" : "http://inblriotcoevm1.corp.capgemini.com/Thingworx/FileRepositories/svgfilerepo/svgFiles/geoloc_indoor_map.svg",
                        "SVGIdField" : "id",
                        "ShowDataLoading" : true,
                        "SmoothScroll" : true,
                        "Top" : 66,
                        "Type" : "SvgViewerWidget",
                        "Visible" : true,
                        "Z-index" : 10,
                        "ZoomPanEnabled" : true,
                        "__TypeDisplayName" : "SvgViewer Widget"
                      },
                      "Widgets" : [ ]
                    } ]
                  } ]
                } ]
              },
              "mashupType" : "mashup"
            }
            ]]>
            </mashupContent>
            <preview></preview>
        </Mashup>
    </Mashups>
</Entities>
