<?xml version="1.0" encoding="UTF-8"?>
<Entities
 majorVersion="9"
 minorVersion="2"
 universal="">
    <Mashups>
        <Mashup
         aspect.isFlex="true"
         aspect.isResponsive="true"
         aspect.mashupType="mashup"
         columns="0.0"
         description=""
         documentationContent=""
         homeMashup=""
         name="DA_GeoMashup"
         projectName="DassaultAviationPoC"
         rows="0.0"
         tags="DassaultAviation:Geolocation">
            <avatar></avatar>
            <DesignTimePermissions>
                <Create></Create>
                <Read></Read>
                <Update></Update>
                <Delete></Delete>
                <Metadata></Metadata>
            </DesignTimePermissions>
            <RunTimePermissions>
                <Permissions
                 resourceName="*">
                    <PropertyRead>
                        <Principal
                         isPermitted="true"
                         name="DigitalTwinUsers"
                         type="Group"></Principal>
                    </PropertyRead>
                    <PropertyWrite>
                        <Principal
                         isPermitted="true"
                         name="DigitalTwinUsers"
                         type="Group"></Principal>
                    </PropertyWrite>
                    <ServiceInvoke>
                        <Principal
                         isPermitted="true"
                         name="DigitalTwinUsers"
                         type="Group"></Principal>
                    </ServiceInvoke>
                    <EventInvoke>
                        <Principal
                         isPermitted="true"
                         name="DigitalTwinUsers"
                         type="Group"></Principal>
                    </EventInvoke>
                    <EventSubscribe>
                        <Principal
                         isPermitted="true"
                         name="DigitalTwinUsers"
                         type="Group"></Principal>
                    </EventSubscribe>
                </Permissions>
            </RunTimePermissions>
            <VisibilityPermissions>
                <Visibility>
                    <Principal
                     isPermitted="true"
                     name="DigitalTwinDevelopers"
                     type="Organization"></Principal>
                </Visibility>
            </VisibilityPermissions>
            <ConfigurationTableDefinitions></ConfigurationTableDefinitions>
            <ConfigurationTables>
                <ConfigurationTable
                 dataShapeName=""
                 description="Mashup Mobile Settings"
                 isHidden="true"
                 isMultiRow="false"
                 name="MobileSettings"
                 ordinal="0">
                    <DataShape>
                        <FieldDefinitions>
                            <FieldDefinition
                             aspect.defaultValue="false"
                             aspect.friendlyName="Disable Zoom"
                             baseType="BOOLEAN"
                             description="Disables zooming in and out within the mashup"
                             name="disableZoom"
                             ordinal="0"></FieldDefinition>
                            <FieldDefinition
                             aspect.defaultValue="true"
                             aspect.friendlyName="Full Screen Mode"
                             baseType="BOOLEAN"
                             description="Open the mashup in full screen mode"
                             name="fullScreenMode"
                             ordinal="0"></FieldDefinition>
                            <FieldDefinition
                             aspect.friendlyName="Height"
                             baseType="STRING"
                             description="The height of the mashup page"
                             name="height"
                             ordinal="0"></FieldDefinition>
                            <FieldDefinition
                             aspect.defaultValue="device-height"
                             aspect.friendlyName="Height Type"
                             baseType="STRING"
                             description="Use the height of the device display, or a custom height (in px)"
                             name="heightType"
                             ordinal="0"></FieldDefinition>
                            <FieldDefinition
                             aspect.defaultValue="1.0"
                             aspect.friendlyName="Initial Scale"
                             baseType="NUMBER"
                             description="The initial zoom scale when the mashup is loaded for the first time"
                             name="initialScale"
                             ordinal="0"></FieldDefinition>
                            <FieldDefinition
                             aspect.friendlyName="Shortcut Icon Title"
                             baseType="STRING"
                             description="A title for the mashup shortcut on the iOS home screen"
                             name="iosShortcutIconTitle"
                             ordinal="0"></FieldDefinition>
                            <FieldDefinition
                             aspect.defaultValue="black-translucent"
                             aspect.friendlyName="Status Bar Appearance"
                             baseType="STRING"
                             description="The style of the iOS status bar"
                             name="iosStatusBarAppearance"
                             ordinal="0"></FieldDefinition>
                            <FieldDefinition
                             aspect.defaultValue="10.0"
                             aspect.friendlyName="Maximum Scale"
                             baseType="NUMBER"
                             description="The maximum scale that users can zoom out to"
                             name="maximumScale"
                             ordinal="0"></FieldDefinition>
                            <FieldDefinition
                             aspect.defaultValue="0.1"
                             aspect.friendlyName="Minimum Scale"
                             baseType="NUMBER"
                             description="The minimum scale that users can zoom out to"
                             name="minimumScale"
                             ordinal="0"></FieldDefinition>
                            <FieldDefinition
                             aspect.friendlyName="Width"
                             baseType="STRING"
                             description="The width of the mashup page"
                             name="width"
                             ordinal="0"></FieldDefinition>
                            <FieldDefinition
                             aspect.defaultValue="device-width"
                             aspect.friendlyName="Width Type"
                             baseType="STRING"
                             description="Use the width of the device display, or a custom width (in px)"
                             name="widthType"
                             ordinal="0"></FieldDefinition>
                        </FieldDefinitions>
                    </DataShape>
                    <Rows>
                        <Row>
                            <disableZoom>false</disableZoom>
                            <fullScreenMode>true</fullScreenMode>
                            <height>
                            <![CDATA[
                            device-height
                            ]]>
                            </height>
                            <heightType>
                            <![CDATA[
                            device-height
                            ]]>
                            </heightType>
                            <initialScale>1.0</initialScale>
                            <iosShortcutIconTitle></iosShortcutIconTitle>
                            <iosStatusBarAppearance>
                            <![CDATA[
                            black-translucent
                            ]]>
                            </iosStatusBarAppearance>
                            <maximumScale>10.0</maximumScale>
                            <minimumScale>0.1</minimumScale>
                            <width>
                            <![CDATA[
                            device-width
                            ]]>
                            </width>
                            <widthType>
                            <![CDATA[
                            device-width
                            ]]>
                            </widthType>
                        </Row>
                    </Rows>
                </ConfigurationTable>
            </ConfigurationTables>
            <ParameterDefinitions></ParameterDefinitions>
            <Things></Things>
            <ThingShapes></ThingShapes>
            <ThingTemplates></ThingTemplates>
            <mashupContent>
            <![CDATA[
            {
              "CustomMashupCss" : "",
              "Data" : {
                "Session" : {
                  "DataName" : "Session",
                  "EntityName" : "",
                  "EntityType" : "Session",
                  "Id" : "session",
                  "Services" : [ {
                    "APIMethod" : "post",
                    "Characteristic" : "Services",
                    "Id" : "SessionInterface",
                    "Name" : "GetGlobalSessionValues",
                    "Parameters" : { },
                    "RefreshInterval" : 0,
                    "Target" : "GetGlobalSessionValues"
                  } ]
                },
                "Things_DA_SVGHandler_Thing" : {
                  "DataName" : "Things_DA_SVGHandler_Thing",
                  "EntityName" : "DA_SVGHandler_Thing",
                  "EntityType" : "Things",
                  "Id" : "df3db1ba-962b-48a8-b2b2-ddcb8062a5ba",
                  "RefreshInterval" : 0,
                  "Services" : [ {
                    "APIMethod" : "post",
                    "Characteristic" : "Services",
                    "Id" : "152bc131-43c8-49b2-bd96-f980c5442f31",
                    "Name" : "UpdateGenericInfo",
                    "Parameters" : { },
                    "RefreshInterval" : 0,
                    "Target" : "UpdateGenericInfo"
                  }, {
                    "APIMethod" : "post",
                    "Characteristic" : "Services",
                    "Id" : "55f7d762-b141-4110-9ed1-000ac7bf2bc9",
                    "Name" : "RandomMapDetails",
                    "Parameters" : { },
                    "RefreshInterval" : 0,
                    "Target" : "RandomMapDetails"
                  }, {
                    "APIMethod" : "post",
                    "Characteristic" : "Services",
                    "Id" : "5431e304-8826-4846-bc1a-1ba8ff9e86eb",
                    "Name" : "RandomCoordinateGeneration",
                    "Parameters" : { },
                    "RefreshInterval" : 0,
                    "Target" : "RandomCoordinateGeneration"
                  } ]
                },
                "UserExtensions" : {
                  "DataName" : "UserExtensions",
                  "EntityName" : "",
                  "EntityType" : "UserExtensions",
                  "Id" : "UserExtensions",
                  "Services" : [ {
                    "APIMethod" : "post",
                    "Characteristic" : "Services",
                    "Id" : "UserExtensionInterface",
                    "Name" : "GetCurrentUserExtensionProperties",
                    "Parameters" : { },
                    "RefreshInterval" : 0,
                    "Target" : "GetCurrentUserExtensionProperties"
                  } ]
                }
              },
              "DataBindings" : [ {
                "Id" : "df1f9f2b-5eda-40d7-b2b1-b567ad6a3dab",
                "PropertyMaps" : [ {
                  "SourceProperty" : "",
                  "SourcePropertyBaseType" : "INFOTABLE",
                  "SourcePropertyType" : "InfoTable",
                  "TargetProperty" : "Data",
                  "TargetPropertyBaseType" : "INFOTABLE",
                  "TargetPropertyType" : "property"
                } ],
                "SourceArea" : "Data",
                "SourceDetails" : "AllData",
                "SourceId" : "RandomMapDetails",
                "SourceSection" : "Things_DA_SVGHandler_Thing",
                "TargetArea" : "UI",
                "TargetId" : "SvgViewerWidget-319",
                "TargetSection" : ""
              }, {
                "Id" : "e5a7c77b-4094-49d0-bbdd-fc38e44212ab",
                "PropertyMaps" : [ {
                  "SourceProperty" : "",
                  "SourcePropertyBaseType" : "INFOTABLE",
                  "SourcePropertyType" : "InfoTable",
                  "TargetProperty" : "Data",
                  "TargetPropertyBaseType" : "INFOTABLE",
                  "TargetPropertyType" : "property"
                } ],
                "SourceArea" : "Data",
                "SourceDetails" : "AllData",
                "SourceId" : "RandomCoordinateGeneration",
                "SourceName" : "RandomCoordinateGeneration",
                "SourceSection" : "Things_DA_SVGHandler_Thing",
                "TargetArea" : "UI",
                "TargetId" : "gridadvanced-5",
                "TargetSection" : ""
              } ],
              "DesignTimePermissions" : { },
              "Events" : [ {
                "EventHandlerArea" : "UI",
                "EventHandlerId" : "SvgViewerWidget-319",
                "EventHandlerService" : "PanOntoSelected",
                "EventTriggerArea" : "Mashup",
                "EventTriggerEvent" : "Loaded",
                "EventTriggerId" : "mashup-root",
                "EventTriggerSection" : "",
                "Id" : "708e0d89-6bbb-4d0e-a663-9638d902d720"
              }, {
                "EventHandlerArea" : "Data",
                "EventHandlerId" : "Things_DA_SVGHandler_Thing",
                "EventHandlerService" : "UpdateGenericInfo",
                "EventTriggerArea" : "UI",
                "EventTriggerEvent" : "Refresh",
                "EventTriggerId" : "autorefresh-8",
                "EventTriggerSection" : "",
                "Id" : "4cc3a2e3-cc24-48cc-80bd-61cc6dfb1908"
              }, {
                "EventHandlerArea" : "Data",
                "EventHandlerId" : "Things_DA_SVGHandler_Thing",
                "EventHandlerService" : "RandomMapDetails",
                "EventTriggerArea" : "Mashup",
                "EventTriggerEvent" : "Loaded",
                "EventTriggerId" : "mashup-root",
                "EventTriggerSection" : "",
                "Id" : "5ab3c7e2-6af2-4cc9-9e9a-055d99b61b9b"
              }, {
                "EventHandlerArea" : "Data",
                "EventHandlerId" : "Things_DA_SVGHandler_Thing",
                "EventHandlerService" : "RandomMapDetails",
                "EventTriggerArea" : "UI",
                "EventTriggerEvent" : "Refresh",
                "EventTriggerId" : "autorefresh-8",
                "EventTriggerSection" : "",
                "Id" : "358f57cd-573a-4b6d-a46d-483d91fbdac0"
              }, {
                "EventHandlerArea" : "UI",
                "EventHandlerId" : "SvgViewerWidget-319",
                "EventHandlerService" : "PanOntoSelected",
                "EventTriggerArea" : "Data",
                "EventTriggerEvent" : "ServiceInvokeCompleted",
                "EventTriggerId" : "RandomMapDetails",
                "EventTriggerSection" : "Things_DA_SVGHandler_Thing",
                "Id" : "352cc87f-e0ba-4afb-98c7-e30d8f85c709"
              }, {
                "EventHandlerArea" : "Data",
                "EventHandlerId" : "Things_DA_SVGHandler_Thing",
                "EventHandlerService" : "RandomCoordinateGeneration",
                "EventTriggerArea" : "Mashup",
                "EventTriggerEvent" : "Loaded",
                "EventTriggerId" : "mashup-root",
                "EventTriggerSection" : "",
                "Id" : "9d142e26-7c08-4c8b-a616-c335dfa4b1ad"
              }, {
                "EventHandlerArea" : "Data",
                "EventHandlerId" : "Things_DA_SVGHandler_Thing",
                "EventHandlerService" : "RandomCoordinateGeneration",
                "EventTriggerArea" : "UI",
                "EventTriggerEvent" : "Refresh",
                "EventTriggerId" : "autorefresh-8",
                "EventTriggerSection" : "",
                "Id" : "de8e3237-71c0-473e-bf54-2ccb614d02cd"
              } ],
              "RunTimePermissions" : { },
              "UI" : {
                "Properties" : {
                  "AddToDashboardButton" : "SimplePlus",
                  "AddToDashboardButtonStyle" : "DefaultAddToDashboardButtonStyle",
                  "Area" : "Mashup",
                  "BGImage" : "",
                  "BGImageRepeat" : "no-repeat",
                  "BGImageSize" : "auto",
                  "Columns" : 0,
                  "ConfigureGadgetButton" : "SimpleGear",
                  "ConfigureGadgetButtonStyle" : "DefaultConfigureGadgetButtonStyle",
                  "DisplayName" : "Mashup",
                  "EnableParameterEditing" : false,
                  "Height" : 618,
                  "Id" : "mashup-root",
                  "IgnoreWarningsInViewMashup" : false,
                  "IsPrintLayout" : false,
                  "Left" : 0,
                  "MashupToEditGadget" : "DefaultMashupToEditGadget",
                  "MinHeight" : 0,
                  "MinWidth" : 0,
                  "ResponsiveLayout" : true,
                  "Rows" : 0,
                  "ShowDataLoading" : true,
                  "Style" : "DefaultMashupStyle",
                  "StyleProperties" : {
                    "data" : {
                      "ptcslabel-10" : {
                        "parts" : {
                          "$" : {
                            "$" : {
                              "color" : "#324b6b"
                            }
                          }
                        },
                        "widget" : "ptcs-label"
                      },
                      "ptcslabel-9" : {
                        "parts" : {
                          "$" : {
                            "$" : {
                              "color" : "#324b6b"
                            }
                          }
                        },
                        "widget" : "ptcs-label"
                      }
                    },
                    "meta" : {
                      "type" : "WidgetStyler",
                      "version" : "1.0"
                    }
                  },
                  "StyleTheme" : "PTC Convergence Theme",
                  "Title" : "",
                  "TitleBar" : false,
                  "TitleBarStyle" : "DefaultTitleBarStyle",
                  "TitleBarText" : "Gadget Title Here",
                  "Top" : 0,
                  "Type" : "mashup",
                  "UseMasterTheme" : false,
                  "UseTheme" : false,
                  "UseThemeForHybrids" : false,
                  "Visible" : true,
                  "Width" : 1024,
                  "Z-index" : 10,
                  "__TypeDisplayName" : "Mashup",
                  "id_index" : 23,
                  "supportsAutoResize" : true
                },
                "Widgets" : [ {
                  "Properties" : {
                    "Area" : "UI",
                    "DisplayName" : "container-2",
                    "EnableExpandCollapse" : false,
                    "Expanded" : true,
                    "Id" : "flexcontainer-2",
                    "LastContainer" : true,
                    "Overlay" : false,
                    "ResponsiveLayout" : true,
                    "ShowDataLoading" : true,
                    "ShowExpandCollapseTab" : false,
                    "SourceURL" : "",
                    "Style" : "DefaultContainerStyle",
                    "StyleProperties" : { },
                    "Type" : "flexcontainer",
                    "UseTheme" : true,
                    "Visible" : true,
                    "Z-index" : 10,
                    "__TypeDisplayName" : "Responsive Container",
                    "align-content" : "flex-start",
                    "align-items" : "flex-start",
                    "flex-basis" : "auto",
                    "flex-direction" : "row",
                    "flex-grow" : 1,
                    "flex-max-height" : "",
                    "flex-max-width" : "",
                    "flex-min-height" : "",
                    "flex-min-width" : "",
                    "flex-shrink" : 1,
                    "flex-size" : "default",
                    "flex-wrap" : "nowrap",
                    "iconClass" : "widgets-flexcontainer",
                    "isLocked" : false,
                    "justify-content" : "flex-start",
                    "positioning" : "responsive",
                    "userCannotRemove" : true
                  },
                  "Widgets" : [ {
                    "Properties" : {
                      "Area" : "UI",
                      "DisplayName" : "container-6",
                      "EnableExpandCollapse" : false,
                      "Expanded" : true,
                      "Id" : "flexcontainer-6",
                      "LastContainer" : false,
                      "Overlay" : false,
                      "ResponsiveLayout" : false,
                      "ShowDataLoading" : true,
                      "ShowExpandCollapseTab" : false,
                      "SourceURL" : "",
                      "Style" : "DefaultContainerStyle",
                      "StyleProperties" : { },
                      "Type" : "flexcontainer",
                      "UseTheme" : true,
                      "Visible" : true,
                      "Z-index" : 10,
                      "__TypeDisplayName" : "Responsive Container",
                      "align-content" : "flex-start",
                      "align-items" : "flex-start",
                      "flex-basis" : "auto",
                      "flex-direction" : "row",
                      "flex-grow" : 1,
                      "flex-max-height" : "",
                      "flex-max-width" : "406px",
                      "flex-min-height" : "",
                      "flex-min-width" : "406px",
                      "flex-shrink" : 1,
                      "flex-size" : "fixed",
                      "flex-wrap" : "nowrap",
                      "iconClass" : "widgets-flexcontainer-fixed",
                      "isLocked" : false,
                      "justify-content" : "flex-start",
                      "positioning" : "static",
                      "userCannotRemove" : false
                    },
                    "Widgets" : [ {
                      "Properties" : {
                        "Area" : "UI",
                        "AutoScroll" : true,
                        "CellBorderStyle" : "DefaultGridAdvancedCellBorderStyle",
                        "CellValidationErrorStyle" : "DefaultGridAdvancedCellValidationErrorStyle",
                        "CellValidationErrorTooltipStyle" : "DefaultGridAdvancedCellValidationErrorTooltipStyle",
                        "ColumnFormat" : {
                          "formatInfo" : [ {
                            "Align" : "center",
                            "AllowEdit" : false,
                            "FieldName" : "PointName",
                            "FormatOptions" : {
                              "FormatString" : "full",
                              "formatInfo" : {
                                "FieldName" : "",
                                "StateDefinition" : "",
                                "StateDefinitionType" : "fixed",
                                "StateFormats" : [ {
                                  "state" : "",
                                  "stateName" : "fixed"
                                } ]
                              },
                              "renderer" : "STRING",
                              "roundingEnabled" : true,
                              "showDependentField" : false
                            },
                            "Title" : "PointName",
                            "Width" : "50px",
                            "headerTextAlignment" : "center",
                            "hidden" : false,
                            "inLayout" : true
                          }, {
                            "Align" : "right",
                            "AllowEdit" : false,
                            "EditorOptions" : {
                              "Type" : "number",
                              "Validators" : [ "None", "NotEmpty", "Empty", "ValidNumeric", "ValidCurrency", "Custom" ]
                            },
                            "FieldName" : "X",
                            "FormatOptions" : {
                              "FormatString" : "0.00",
                              "renderer" : "NUMBER"
                            },
                            "Title" : "X",
                            "ValidationExpression" : "",
                            "ValidationMessage" : "",
                            "Width" : "auto",
                            "hidden" : false,
                            "inLayout" : true
                          }, {
                            "Align" : "right",
                            "AllowEdit" : false,
                            "EditorOptions" : {
                              "Type" : "number",
                              "Validators" : [ "None", "NotEmpty", "Empty", "ValidNumeric", "ValidCurrency", "Custom" ]
                            },
                            "FieldName" : "Y",
                            "FormatOptions" : {
                              "FormatString" : "0.00",
                              "renderer" : "NUMBER"
                            },
                            "Title" : "Y",
                            "ValidationExpression" : "",
                            "ValidationMessage" : "",
                            "Width" : "auto",
                            "hidden" : false,
                            "inLayout" : true
                          }, {
                            "Align" : "center",
                            "AllowEdit" : false,
                            "EditorOptions" : {
                              "Type" : "string",
                              "Validators" : [ "None", "NotEmpty", "Empty", "Custom", "ValidAlphaNumeric", "ValidEmail", "ValidIPv4", "ValidSIN", "ValidSSN" ]
                            },
                            "FieldName" : "tagName",
                            "FormatOptions" : {
                              "FormatString" : "full",
                              "formatInfo" : {
                                "FieldName" : "",
                                "StateDefinition" : "",
                                "StateDefinitionType" : "fixed",
                                "StateFormats" : [ {
                                  "state" : "",
                                  "stateName" : "fixed"
                                } ]
                              },
                              "renderer" : "STRING",
                              "roundingEnabled" : true,
                              "showDependentField" : false
                            },
                            "Title" : "tagName",
                            "Width" : "auto",
                            "headerTextAlignment" : "center",
                            "hidden" : false,
                            "inLayout" : true
                          } ]
                        },
                        "Configuration" : "",
                        "ConfigurationId" : 17,
                        "CookiePersistence" : true,
                        "DataOverflow" : "clipped",
                        "DataServiceBindingDef" : {
                          "entityName" : "DA_SVGHandler_Thing",
                          "entityType" : "Things",
                          "target" : "RandomCoordinateGeneration"
                        },
                        "DefaultSelectedRows" : "",
                        "DisplayName" : "gridadvanced-5",
                        "DisplayOnlyMode" : false,
                        "EditButtonsLocation" : "top-right",
                        "EnableAddDeleteButtons" : false,
                        "EnableCallbackOnSelectedRowsChange" : true,
                        "EnableContextMenu" : true,
                        "EnableEditButtons" : false,
                        "EnableFilterEventOnConfigChange" : true,
                        "EnableFooter" : false,
                        "EnableGridReset" : false,
                        "EnableGridSearch" : false,
                        "EnableKeyboardNavigation" : true,
                        "EnableSorting" : false,
                        "FocusStyle" : "DefaultFocusStyle",
                        "GridResetButtonLocation" : "top-right",
                        "GridSearchLocation" : "top-left",
                        "HeaderOverflow" : "tooltip",
                        "Height" : 840,
                        "IDFieldName" : "id",
                        "Id" : "gridadvanced-5",
                        "IsEditable" : false,
                        "LastContainer" : false,
                        "Left" : 1,
                        "MaxHeaderHeight" : 100,
                        "MinRowHeight" : 30,
                        "ResponsiveLayout" : false,
                        "RowAlternateBackgroundStyle" : "DefaultGridAdvancedRowAlternateBackgroundStyle",
                        "RowBackgroundStyle" : "DefaultGridAdvancedRowBackgroundStyle",
                        "RowBorderStyle" : "DefaultGridAdvancedRowBorderStyle",
                        "RowFormat_StateParameters" : [ ],
                        "RowHoverStyle" : "DefaultGridAdvancedRowHoverStyle",
                        "RowSelectedStyle" : "DefaultGridAdvancedRowSelectedStyle",
                        "RowSelection" : "none",
                        "SelectedRows" : "",
                        "ShowDataLoading" : true,
                        "SortAscendingStyle" : "DefaultSortAscendingStyle",
                        "SortDescendingStyle" : "DefaultSortDescendingStyle",
                        "TableFooterStyle" : "DefaultGridAdvancedFooterStyle",
                        "TableHeaderStyle" : "DA_GridHeaderStyleDefinition",
                        "TableWrapperStyle" : "DefaultGridAdvancedWrapperStyle",
                        "ToolbarStyle" : "DefaultToolbarStyle",
                        "TooltipStyle" : "DefaultTooltipStyle",
                        "Top" : 0,
                        "Type" : "gridadvanced",
                        "UseTheme" : false,
                        "Visible" : true,
                        "Width" : 400,
                        "Z-index" : 10,
                        "__TypeDisplayName" : "Grid Advanced"
                      },
                      "Widgets" : [ ]
                    }, {
                      "Properties" : {
                        "Area" : "UI",
                        "DisclosureControl" : "show-more",
                        "DisplayName" : "ptcs-label-10",
                        "HorizontalAlignment" : "left",
                        "Id" : "ptcslabel-10",
                        "LabelText" : "Details",
                        "LabelType" : "label",
                        "LastContainer" : false,
                        "Left" : 49,
                        "MultiLine" : true,
                        "ResponsiveLayout" : false,
                        "ShowDataLoading" : true,
                        "Top" : 6,
                        "Type" : "ptcslabel",
                        "UseTheme" : true,
                        "VerticalAlignment" : "flex-start",
                        "Visible" : true,
                        "Z-index" : 10,
                        "__TypeDisplayName" : "Label",
                        "overflowShowLessTxt" : "[[showLess]]",
                        "overflowShowMoreTxt" : "[[showMore]]"
                      },
                      "Widgets" : [ ]
                    } ]
                  }, {
                    "Properties" : {
                      "Area" : "UI",
                      "DisplayName" : "container-7",
                      "EnableExpandCollapse" : false,
                      "Expanded" : true,
                      "Id" : "flexcontainer-7",
                      "LastContainer" : true,
                      "Overlay" : false,
                      "ResponsiveLayout" : false,
                      "ShowDataLoading" : true,
                      "ShowExpandCollapseTab" : false,
                      "SourceURL" : "",
                      "Style" : "DefaultContainerStyle",
                      "StyleProperties" : { },
                      "Type" : "flexcontainer",
                      "UseTheme" : true,
                      "Visible" : true,
                      "Z-index" : 10,
                      "__TypeDisplayName" : "Responsive Container",
                      "align-content" : "flex-start",
                      "align-items" : "flex-start",
                      "flex-basis" : "auto",
                      "flex-direction" : "row",
                      "flex-grow" : 1,
                      "flex-max-height" : "",
                      "flex-max-width" : "",
                      "flex-min-height" : "",
                      "flex-min-width" : "",
                      "flex-shrink" : 1,
                      "flex-size" : "default",
                      "flex-wrap" : "nowrap",
                      "iconClass" : "widgets-flexcontainer",
                      "isLocked" : true,
                      "justify-content" : "flex-start",
                      "positioning" : "static",
                      "userCannotRemove" : false
                    },
                    "Widgets" : [ {
                      "Properties" : {
                        "ApplyToChildren" : false,
                        "Area" : "UI",
                        "DataIdField" : "elementName",
                        "DataSelectorField" : "",
                        "DisplayName" : "SvgViewerWidget",
                        "Height" : 800,
                        "Id" : "SvgViewerWidget-319",
                        "ImageHeight" : "100%",
                        "ImageWidth" : "100%",
                        "InitialXPosition" : 0,
                        "InitialYPosition" : 0,
                        "InitialZoom" : 1,
                        "LastContainer" : false,
                        "Left" : 0,
                        "OverrideListField" : "overrideInfo",
                        "ResetOverrideAttributeIfEmpty" : true,
                        "ResponsiveLayout" : false,
                        "SVGFileUrl" : "http://inblriotcoevm1.corp.capgemini.com/Thingworx/FileRepositories/svgfilerepo/svgFiles/geoloc_indoor_map.svg",
                        "SVGIdField" : "id",
                        "ShowDataLoading" : true,
                        "SmoothScroll" : true,
                        "Top" : 0,
                        "Type" : "SvgViewerWidget",
                        "Visible" : true,
                        "Width" : 1500,
                        "Z-index" : 10,
                        "ZoomPanEnabled" : false,
                        "__TypeDisplayName" : "SvgViewer Widget"
                      },
                      "Widgets" : [ ]
                    }, {
                      "Properties" : {
                        "ActiveStyle" : "DefaultButtonActiveStyle",
                        "Area" : "UI",
                        "AutoRefresh" : true,
                        "AutoRefreshTabSequence" : 0,
                        "DisplayName" : "autorefresh-8",
                        "FocusStyle" : "DefaultButtonFocusStyle",
                        "Height" : 28,
                        "HoverStyle" : "DefaultButtonHoverStyle",
                        "IconAlignment" : "left",
                        "Id" : "autorefresh-8",
                        "Label" : "Refresh Now",
                        "LastContainer" : false,
                        "Left" : 129,
                        "RefreshInterval" : 60,
                        "RefreshNowTabSequence" : 0,
                        "RefreshToggleLabel" : "On",
                        "RefreshToggleLabelOff" : "Off",
                        "RefreshToggleSliderStyle" : "DefaultAutoRefreshToggleSliderStyle",
                        "RefreshToggleStyle" : "DefaultAutoRefreshToggleStyle",
                        "RefreshToggleStyleOff" : "DefaultAutoRefreshToggleOffStyle",
                        "ResponsiveLayout" : false,
                        "ShowControls" : true,
                        "ShowDataLoading" : true,
                        "Style" : "DefaultButtonStyle",
                        "Top" : 0,
                        "Type" : "autorefresh",
                        "Visible" : false,
                        "Width" : 180,
                        "Z-index" : 10,
                        "__TypeDisplayName" : "Auto Refresh"
                      },
                      "Widgets" : [ ]
                    } ]
                  } ]
                } ]
              },
              "mashupType" : "mashup"
            }
            ]]>
            </mashupContent>
            <preview></preview>
        </Mashup>
    </Mashups>
</Entities>
