<?xml version="1.0" encoding="UTF-8"?>
<Entities
 majorVersion="9"
 minorVersion="2"
 universal="">
    <Mashups>
        <Mashup
         aspect.isFlex="true"
         aspect.isResponsive="true"
         aspect.mashupType="mashup"
         columns="0.0"
         description=""
         documentationContent=""
         homeMashup=""
         name="DA_Master_Mashup"
         projectName="DassaultAviationPoC"
         rows="0.0"
         tags="DassaultAviation:TemperatureHumidity">
            <avatar></avatar>
            <DesignTimePermissions>
                <Create></Create>
                <Read></Read>
                <Update></Update>
                <Delete></Delete>
                <Metadata></Metadata>
            </DesignTimePermissions>
            <RunTimePermissions>
                <Permissions
                 resourceName="*">
                    <PropertyRead>
                        <Principal
                         isPermitted="true"
                         name="DigitalTwinUsers"
                         type="Group"></Principal>
                    </PropertyRead>
                    <PropertyWrite>
                        <Principal
                         isPermitted="true"
                         name="DigitalTwinUsers"
                         type="Group"></Principal>
                    </PropertyWrite>
                    <ServiceInvoke>
                        <Principal
                         isPermitted="true"
                         name="DigitalTwinUsers"
                         type="Group"></Principal>
                    </ServiceInvoke>
                    <EventInvoke>
                        <Principal
                         isPermitted="true"
                         name="DigitalTwinUsers"
                         type="Group"></Principal>
                    </EventInvoke>
                    <EventSubscribe>
                        <Principal
                         isPermitted="true"
                         name="DigitalTwinUsers"
                         type="Group"></Principal>
                    </EventSubscribe>
                </Permissions>
            </RunTimePermissions>
            <VisibilityPermissions>
                <Visibility>
                    <Principal
                     isPermitted="true"
                     name="DigitalTwinDevelopers"
                     type="Organization"></Principal>
                </Visibility>
            </VisibilityPermissions>
            <ConfigurationTableDefinitions></ConfigurationTableDefinitions>
            <ConfigurationTables>
                <ConfigurationTable
                 dataShapeName=""
                 description="Mashup Mobile Settings"
                 isHidden="true"
                 isMultiRow="false"
                 name="MobileSettings"
                 ordinal="0">
                    <DataShape>
                        <FieldDefinitions>
                            <FieldDefinition
                             aspect.defaultValue="false"
                             aspect.friendlyName="Disable Zoom"
                             baseType="BOOLEAN"
                             description="Disables zooming in and out within the mashup"
                             name="disableZoom"
                             ordinal="0"></FieldDefinition>
                            <FieldDefinition
                             aspect.defaultValue="true"
                             aspect.friendlyName="Full Screen Mode"
                             baseType="BOOLEAN"
                             description="Open the mashup in full screen mode"
                             name="fullScreenMode"
                             ordinal="0"></FieldDefinition>
                            <FieldDefinition
                             aspect.friendlyName="Height"
                             baseType="STRING"
                             description="The height of the mashup page"
                             name="height"
                             ordinal="0"></FieldDefinition>
                            <FieldDefinition
                             aspect.defaultValue="device-height"
                             aspect.friendlyName="Height Type"
                             baseType="STRING"
                             description="Use the height of the device display, or a custom height (in px)"
                             name="heightType"
                             ordinal="0"></FieldDefinition>
                            <FieldDefinition
                             aspect.defaultValue="1.0"
                             aspect.friendlyName="Initial Scale"
                             baseType="NUMBER"
                             description="The initial zoom scale when the mashup is loaded for the first time"
                             name="initialScale"
                             ordinal="0"></FieldDefinition>
                            <FieldDefinition
                             aspect.friendlyName="Shortcut Icon Title"
                             baseType="STRING"
                             description="A title for the mashup shortcut on the iOS home screen"
                             name="iosShortcutIconTitle"
                             ordinal="0"></FieldDefinition>
                            <FieldDefinition
                             aspect.defaultValue="black-translucent"
                             aspect.friendlyName="Status Bar Appearance"
                             baseType="STRING"
                             description="The style of the iOS status bar"
                             name="iosStatusBarAppearance"
                             ordinal="0"></FieldDefinition>
                            <FieldDefinition
                             aspect.defaultValue="10.0"
                             aspect.friendlyName="Maximum Scale"
                             baseType="NUMBER"
                             description="The maximum scale that users can zoom out to"
                             name="maximumScale"
                             ordinal="0"></FieldDefinition>
                            <FieldDefinition
                             aspect.defaultValue="0.1"
                             aspect.friendlyName="Minimum Scale"
                             baseType="NUMBER"
                             description="The minimum scale that users can zoom out to"
                             name="minimumScale"
                             ordinal="0"></FieldDefinition>
                            <FieldDefinition
                             aspect.friendlyName="Width"
                             baseType="STRING"
                             description="The width of the mashup page"
                             name="width"
                             ordinal="0"></FieldDefinition>
                            <FieldDefinition
                             aspect.defaultValue="device-width"
                             aspect.friendlyName="Width Type"
                             baseType="STRING"
                             description="Use the width of the device display, or a custom width (in px)"
                             name="widthType"
                             ordinal="0"></FieldDefinition>
                        </FieldDefinitions>
                    </DataShape>
                    <Rows>
                        <Row>
                            <disableZoom>false</disableZoom>
                            <fullScreenMode>true</fullScreenMode>
                            <height>
                            <![CDATA[
                            device-height
                            ]]>
                            </height>
                            <heightType>
                            <![CDATA[
                            device-height
                            ]]>
                            </heightType>
                            <initialScale>1.0</initialScale>
                            <iosShortcutIconTitle></iosShortcutIconTitle>
                            <iosStatusBarAppearance>
                            <![CDATA[
                            black-translucent
                            ]]>
                            </iosStatusBarAppearance>
                            <maximumScale>10.0</maximumScale>
                            <minimumScale>0.1</minimumScale>
                            <width>
                            <![CDATA[
                            device-width
                            ]]>
                            </width>
                            <widthType>
                            <![CDATA[
                            device-width
                            ]]>
                            </widthType>
                        </Row>
                    </Rows>
                </ConfigurationTable>
            </ConfigurationTables>
            <ParameterDefinitions></ParameterDefinitions>
            <Things></Things>
            <ThingShapes></ThingShapes>
            <ThingTemplates></ThingTemplates>
            <mashupContent>
            <![CDATA[
            {
              "CustomMashupCss" : ".navbar1{\n    border-bottom:2px solid #DCDCDC;\n}",
              "Data" : {
                "Session" : {
                  "DataName" : "Session",
                  "EntityName" : "",
                  "EntityType" : "Session",
                  "Id" : "session",
                  "Services" : [ {
                    "APIMethod" : "post",
                    "Characteristic" : "Services",
                    "Id" : "SessionInterface",
                    "Name" : "GetGlobalSessionValues",
                    "Parameters" : { },
                    "RefreshInterval" : 0,
                    "Target" : "GetGlobalSessionValues"
                  } ]
                },
                "Things_UtilThing" : {
                  "DataName" : "Things_UtilThing",
                  "EntityName" : "UtilThing",
                  "EntityType" : "Things",
                  "Id" : "0ba00ba4-af79-43fd-af8b-66583207aa18",
                  "RefreshInterval" : 0,
                  "Services" : [ {
                    "APIMethod" : "post",
                    "Characteristic" : "Services",
                    "Id" : "50f952f9-2fb9-423f-a723-33726b90f052",
                    "Name" : "GetUserRole",
                    "Parameters" : { },
                    "RefreshInterval" : 0,
                    "Target" : "GetUserRole"
                  } ]
                },
                "UserExtensions" : {
                  "DataName" : "UserExtensions",
                  "EntityName" : "",
                  "EntityType" : "UserExtensions",
                  "Id" : "UserExtensions",
                  "Services" : [ {
                    "APIMethod" : "post",
                    "Characteristic" : "Services",
                    "Id" : "UserExtensionInterface",
                    "Name" : "GetCurrentUserExtensionProperties",
                    "Parameters" : { },
                    "RefreshInterval" : 0,
                    "Target" : "GetCurrentUserExtensionProperties"
                  } ]
                }
              },
              "DataBindings" : [ {
                "Id" : "6729311f-6335-42f7-a8cb-64f6da8b58ec",
                "PropertyMaps" : [ {
                  "SourceProperty" : "name",
                  "SourcePropertyBaseType" : "STRING",
                  "SourcePropertyType" : "Field",
                  "TargetProperty" : "LabelText",
                  "TargetPropertyBaseType" : "STRING",
                  "TargetPropertyType" : "property"
                } ],
                "SourceArea" : "UserExtensions",
                "SourceDetails" : "AllData",
                "SourceId" : "UserExtensions",
                "SourceSection" : "UserExtensions",
                "TargetArea" : "UI",
                "TargetId" : "ptcslabel-16",
                "TargetSection" : ""
              }, {
                "Id" : "388a7143-804b-444b-af71-a1fe2d26ee6d",
                "PropertyMaps" : [ {
                  "SourceProperty" : "name",
                  "SourcePropertyBaseType" : "STRING",
                  "SourcePropertyType" : "Field",
                  "TargetProperty" : "UserName",
                  "TargetPropertyBaseType" : "STRING",
                  "TargetPropertyType" : "Parameter"
                } ],
                "SourceArea" : "UserExtensions",
                "SourceDetails" : "AllData",
                "SourceId" : "UserExtensions",
                "SourceSection" : "UserExtensions",
                "TargetArea" : "Data",
                "TargetId" : "GetUserRole",
                "TargetSection" : "Things_UtilThing"
              }, {
                "Id" : "f25b14a5-014c-4527-9030-d5853e91457e",
                "PropertyMaps" : [ {
                  "SourceProperty" : "Role",
                  "SourcePropertyBaseType" : "STRING",
                  "SourcePropertyType" : "Field",
                  "TargetProperty" : "LabelText",
                  "TargetPropertyBaseType" : "STRING",
                  "TargetPropertyType" : "property"
                } ],
                "SourceArea" : "Data",
                "SourceDetails" : "AllData",
                "SourceId" : "GetUserRole",
                "SourceSection" : "Things_UtilThing",
                "TargetArea" : "UI",
                "TargetId" : "ptcslabel-45",
                "TargetSection" : ""
              }, {
                "Id" : "c983a58c-6cbe-471f-8f68-9dafb8ad2523",
                "PropertyMaps" : [ {
                  "SourceProperty" : "name",
                  "SourcePropertyBaseType" : "STRING",
                  "SourcePropertyType" : "Field",
                  "TargetProperty" : "UserName",
                  "TargetPropertyBaseType" : "STRING",
                  "TargetPropertyType" : "property"
                } ],
                "SourceArea" : "UserExtensions",
                "SourceDetails" : "AllData",
                "SourceId" : "UserExtensions",
                "SourceSection" : "UserExtensions",
                "TargetArea" : "UI",
                "TargetId" : "mashupcontainer-5",
                "TargetSection" : ""
              }, {
                "Id" : "8a599e95-4df5-4c36-9c1e-1210beeb8108",
                "PropertyMaps" : [ {
                  "SourceProperty" : "Role",
                  "SourcePropertyBaseType" : "STRING",
                  "SourcePropertyType" : "Field",
                  "TargetProperty" : "Role",
                  "TargetPropertyBaseType" : "STRING",
                  "TargetPropertyType" : "property"
                } ],
                "SourceArea" : "Data",
                "SourceDetails" : "AllData",
                "SourceId" : "GetUserRole",
                "SourceSection" : "Things_UtilThing",
                "TargetArea" : "UI",
                "TargetId" : "mashupcontainer-5",
                "TargetSection" : ""
              }, {
                "Id" : "1a54330c-0993-4c12-b06f-fae2088d791e",
                "PropertyMaps" : [ {
                  "SourceProperty" : "Mashup",
                  "SourcePropertyBaseType" : "STRING",
                  "SourcePropertyType" : "Property",
                  "TargetProperty" : "Name",
                  "TargetPropertyBaseType" : "MASHUPNAME",
                  "TargetPropertyType" : "property"
                } ],
                "SourceArea" : "UI",
                "SourceDetails" : "",
                "SourceId" : "menu-62",
                "SourceSection" : "",
                "TargetArea" : "UI",
                "TargetId" : "mashupcontainer-5",
                "TargetSection" : ""
              } ],
              "DesignTimePermissions" : { },
              "Events" : [ {
                "EventHandlerArea" : "UI",
                "EventHandlerId" : "logoutfunction-37",
                "EventHandlerService" : "Logout",
                "EventTriggerArea" : "UI",
                "EventTriggerEvent" : "Clicked",
                "EventTriggerId" : "ptcsbutton-15",
                "EventTriggerSection" : "",
                "Id" : "28f85808-3d03-4525-8a31-2c7dd69d20c5"
              }, {
                "EventHandlerArea" : "Data",
                "EventHandlerId" : "Things_UtilThing",
                "EventHandlerService" : "GetUserRole",
                "EventTriggerArea" : "Mashup",
                "EventTriggerEvent" : "Loaded",
                "EventTriggerId" : "mashup-root",
                "EventTriggerSection" : "",
                "Id" : "c5062e0b-ad34-4474-a768-a467aa90b73d"
              } ],
              "RunTimePermissions" : { },
              "UI" : {
                "Properties" : {
                  "AddToDashboardButton" : "SimplePlus",
                  "AddToDashboardButtonStyle" : "DefaultAddToDashboardButtonStyle",
                  "Area" : "Mashup",
                  "BGImage" : "",
                  "BGImageRepeat" : "no-repeat",
                  "BGImageSize" : "auto",
                  "Columns" : 0,
                  "ConfigureGadgetButton" : "SimpleGear",
                  "ConfigureGadgetButtonStyle" : "DefaultConfigureGadgetButtonStyle",
                  "DisplayName" : "Mashup",
                  "EnableParameterEditing" : false,
                  "Height" : 618,
                  "Id" : "mashup-root",
                  "IgnoreWarningsInViewMashup" : false,
                  "IsPrintLayout" : false,
                  "Left" : 0,
                  "MashupToEditGadget" : "DefaultMashupToEditGadget",
                  "MinHeight" : 0,
                  "MinWidth" : 0,
                  "ResponsiveLayout" : true,
                  "Rows" : 0,
                  "ShowDataLoading" : true,
                  "Style" : "DefaultMashupStyle",
                  "StyleProperties" : {
                    "data" : {
                      "ptcsbutton-11" : {
                        "parts" : {
                          "$" : {
                            "$" : {
                              "background" : "#324b6b"
                            },
                            "hover" : {
                              "background" : "#324b6b"
                            },
                            "pressed" : {
                              "background" : "#324b6b"
                            }
                          }
                        },
                        "widget" : "ptcs-button"
                      },
                      "ptcsbutton-15" : {
                        "parts" : {
                          "$" : {
                            "$" : {
                              "background" : "#324b6b"
                            },
                            "hover" : {
                              "background" : "#324b6b",
                              "border-radius" : "6px",
                              "border-style" : "solid",
                              "border-width" : "1px"
                            },
                            "pressed" : {
                              "background" : "#324b6b"
                            }
                          }
                        },
                        "widget" : "ptcs-button"
                      },
                      "ptcsbutton-30" : {
                        "parts" : {
                          "$" : {
                            "hover" : {
                              "color" : "#1b3c84"
                            }
                          }
                        },
                        "widget" : "ptcs-button"
                      },
                      "ptcslabel-29" : {
                        "parts" : {
                          "$" : {
                            "$" : {
                              "font-weight" : "400",
                              "text-align" : "inherit"
                            }
                          },
                          "show-button" : {
                            "$" : {
                              "text-align" : "right"
                            }
                          }
                        },
                        "widget" : "ptcs-label"
                      },
                      "ptcslabel-36" : {
                        "parts" : {
                          "$" : {
                            "$" : {
                              "font-weight" : "400"
                            }
                          }
                        },
                        "widget" : "ptcs-label"
                      },
                      "ptcslabel-42" : {
                        "parts" : {
                          "$" : {
                            "$" : {
                              "font-weight" : "400"
                            }
                          }
                        },
                        "widget" : "ptcs-label"
                      },
                      "ptcslabel-45" : {
                        "parts" : {
                          "$" : {
                            "$" : {
                              "font-weight" : "400"
                            }
                          }
                        },
                        "widget" : "ptcs-label"
                      }
                    },
                    "meta" : {
                      "type" : "WidgetStyler",
                      "version" : "1.0"
                    }
                  },
                  "StyleTheme" : "PTC Convergence Theme",
                  "Title" : "",
                  "TitleBar" : false,
                  "TitleBarStyle" : "DefaultTitleBarStyle",
                  "TitleBarText" : "Gadget Title Here",
                  "Top" : 0,
                  "Type" : "mashup",
                  "UseMasterTheme" : false,
                  "UseTheme" : false,
                  "UseThemeForHybrids" : false,
                  "Visible" : true,
                  "Width" : 1024,
                  "Z-index" : 10,
                  "__TypeDisplayName" : "Mashup",
                  "id_index" : 67,
                  "supportsAutoResize" : true
                },
                "Widgets" : [ {
                  "Properties" : {
                    "Area" : "UI",
                    "DisplayName" : "container-2",
                    "EnableExpandCollapse" : false,
                    "Expanded" : true,
                    "Id" : "flexcontainer-2",
                    "LastContainer" : true,
                    "Overlay" : false,
                    "ResponsiveLayout" : true,
                    "ShowDataLoading" : true,
                    "ShowExpandCollapseTab" : false,
                    "SourceURL" : "",
                    "Style" : "DefaultContainerStyle",
                    "StyleProperties" : { },
                    "Type" : "flexcontainer",
                    "UseTheme" : true,
                    "Visible" : true,
                    "Z-index" : 10,
                    "__TypeDisplayName" : "Responsive Container",
                    "align-content" : "flex-start",
                    "align-items" : "flex-start",
                    "flex-basis" : "auto",
                    "flex-direction" : "column",
                    "flex-grow" : 1,
                    "flex-max-height" : "",
                    "flex-max-width" : "",
                    "flex-min-height" : "",
                    "flex-min-width" : "",
                    "flex-shrink" : 1,
                    "flex-size" : "default",
                    "flex-wrap" : "nowrap",
                    "iconClass" : "widgets-flexcontainer",
                    "justify-content" : "flex-start",
                    "positioning" : "responsive",
                    "userCannotRemove" : true
                  },
                  "Widgets" : [ {
                    "Properties" : {
                      "Area" : "UI",
                      "CustomClass" : "navbar1",
                      "DisplayName" : "container-3",
                      "EnableExpandCollapse" : false,
                      "Expanded" : true,
                      "Id" : "flexcontainer-3",
                      "LastContainer" : true,
                      "Overlay" : false,
                      "ResponsiveLayout" : true,
                      "ShowDataLoading" : true,
                      "ShowExpandCollapseTab" : false,
                      "SourceURL" : "",
                      "Style" : "Dassault_Plant1",
                      "StyleProperties" : { },
                      "Type" : "flexcontainer",
                      "UseTheme" : false,
                      "Visible" : true,
                      "Z-index" : 10,
                      "__TypeDisplayName" : "Responsive Container",
                      "align-content" : "flex-start",
                      "align-items" : "flex-start",
                      "flex-basis" : "auto",
                      "flex-direction" : "row",
                      "flex-grow" : 1,
                      "flex-max-height" : "",
                      "flex-max-width" : "",
                      "flex-min-height" : "",
                      "flex-min-width" : "",
                      "flex-shrink" : 1,
                      "flex-size" : "default",
                      "flex-wrap" : "nowrap",
                      "iconClass" : "widgets-flexcontainer",
                      "isLocked" : true,
                      "justify-content" : "flex-start",
                      "positioning" : "responsive",
                      "userCannotRemove" : false
                    },
                    "Widgets" : [ {
                      "Properties" : {
                        "Area" : "UI",
                        "DisplayName" : "container-6",
                        "EnableExpandCollapse" : false,
                        "Expanded" : true,
                        "Id" : "flexcontainer-6",
                        "LastContainer" : true,
                        "Overlay" : false,
                        "ResponsiveLayout" : false,
                        "ShowDataLoading" : true,
                        "ShowExpandCollapseTab" : false,
                        "SourceURL" : "",
                        "Style" : "DefaultContainerStyle",
                        "StyleProperties" : { },
                        "Type" : "flexcontainer",
                        "UseTheme" : true,
                        "Visible" : true,
                        "Z-index" : 10,
                        "__TypeDisplayName" : "Responsive Container",
                        "align-content" : "flex-start",
                        "align-items" : "flex-start",
                        "flex-basis" : "auto",
                        "flex-direction" : "row",
                        "flex-grow" : 1,
                        "flex-max-height" : "",
                        "flex-max-width" : "",
                        "flex-min-height" : "",
                        "flex-min-width" : "",
                        "flex-shrink" : 1,
                        "flex-size" : "default",
                        "flex-wrap" : "nowrap",
                        "iconClass" : "widgets-flexcontainer",
                        "isLocked" : true,
                        "justify-content" : "flex-start",
                        "positioning" : "static",
                        "userCannotRemove" : false
                      },
                      "Widgets" : [ {
                        "Properties" : {
                          "AlternateText" : "",
                          "Area" : "UI",
                          "ContainerDim" : false,
                          "DisplayName" : "ptcs-image-67",
                          "Height" : 50,
                          "Id" : "ptcsimage-67",
                          "LastContainer" : false,
                          "Left" : 27,
                          "Position" : "top",
                          "PreventCaching" : false,
                          "ResponsiveLayout" : false,
                          "Scaling" : "fit-x",
                          "ShowDataLoading" : true,
                          "SourceURL" : "/Thingworx/MediaEntities/DA_Icon01",
                          "Top" : 26.333328247070312,
                          "Type" : "ptcsimage",
                          "UseTheme" : true,
                          "Visible" : true,
                          "Width" : 160,
                          "Z-index" : 10,
                          "__TypeDisplayName" : "Image"
                        },
                        "Widgets" : [ ]
                      } ]
                    }, {
                      "Properties" : {
                        "Area" : "UI",
                        "DisplayName" : "container-57",
                        "EnableExpandCollapse" : false,
                        "Expanded" : true,
                        "Id" : "flexcontainer-57",
                        "LastContainer" : false,
                        "Overlay" : false,
                        "ResponsiveLayout" : false,
                        "ShowDataLoading" : true,
                        "ShowExpandCollapseTab" : false,
                        "SourceURL" : "",
                        "Style" : "DefaultContainerStyle",
                        "StyleProperties" : { },
                        "Type" : "flexcontainer",
                        "UseTheme" : true,
                        "Visible" : true,
                        "Z-index" : 10,
                        "__TypeDisplayName" : "Responsive Container",
                        "align-content" : "flex-start",
                        "align-items" : "flex-start",
                        "flex-basis" : "auto",
                        "flex-direction" : "row",
                        "flex-grow" : 1,
                        "flex-max-height" : "",
                        "flex-max-width" : "364px",
                        "flex-min-height" : "",
                        "flex-min-width" : "364px",
                        "flex-shrink" : 1,
                        "flex-size" : "fixed",
                        "flex-wrap" : "nowrap",
                        "iconClass" : "widgets-flexcontainer-fixed",
                        "isLocked" : false,
                        "justify-content" : "flex-start",
                        "positioning" : "static",
                        "userCannotRemove" : false
                      },
                      "Widgets" : [ {
                        "Properties" : {
                          "Alignment" : "center",
                          "AllButTopRememberLastChoice" : true,
                          "Area" : "UI",
                          "ConfiguredOrDataDriven" : "configured",
                          "DisplayName" : "menu-62",
                          "DrivePageMashupOrBindToMashup" : "bound",
                          "EvenlySpacedMenuItems" : true,
                          "Height" : 30,
                          "IconMaxWidth" : 30,
                          "Id" : "menu-62",
                          "LastContainer" : false,
                          "Left" : 5,
                          "Levels" : "all",
                          "Menu" : "DA_MENU_LIST",
                          "MenuBackgroundStyle" : "DefaultMenuBackgroundStyle",
                          "MenuHoverStyle" : "DefaultMenuHoverStyle",
                          "MenuItemDisplay" : "iconleftoftext",
                          "MenuLevelHoverStyle" : "DefaultMenuLevelHoverStyle",
                          "MenuLevelSelectedStyle" : "DefaultMenuLevelSelectedStyle",
                          "MenuLevelStyle" : "DefaultMenuLevelStyle",
                          "MenuSelectedStyle" : "DA_MenuStyleDefinition",
                          "MenuStyle" : "DefaultMenuStyle",
                          "ResponsiveLayout" : false,
                          "ShowDataLoading" : true,
                          "SubMenuHeight" : 10,
                          "SubmenuWidthMatchParent" : false,
                          "Top" : 28,
                          "Type" : "menu",
                          "View" : "horiz",
                          "Visible" : true,
                          "Width" : 350,
                          "Z-index" : 10,
                          "__TypeDisplayName" : "Menu"
                        },
                        "Widgets" : [ ]
                      } ]
                    }, {
                      "Properties" : {
                        "Area" : "UI",
                        "DisplayName" : "container-17",
                        "EnableExpandCollapse" : false,
                        "Expanded" : true,
                        "Id" : "flexcontainer-17",
                        "LastContainer" : false,
                        "Overlay" : false,
                        "ResponsiveLayout" : false,
                        "ShowDataLoading" : true,
                        "ShowExpandCollapseTab" : false,
                        "SourceURL" : "",
                        "Style" : "DefaultContainerStyle",
                        "StyleProperties" : { },
                        "Type" : "flexcontainer",
                        "UseTheme" : true,
                        "Visible" : true,
                        "Z-index" : 10,
                        "__TypeDisplayName" : "Responsive Container",
                        "align-content" : "flex-start",
                        "align-items" : "flex-start",
                        "flex-basis" : "auto",
                        "flex-direction" : "row",
                        "flex-grow" : 1,
                        "flex-max-height" : "",
                        "flex-max-width" : "632px",
                        "flex-min-height" : "",
                        "flex-min-width" : "632px",
                        "flex-shrink" : 1,
                        "flex-size" : "fixed",
                        "flex-wrap" : "nowrap",
                        "iconClass" : "widgets-flexcontainer-fixed",
                        "isLocked" : false,
                        "justify-content" : "flex-end",
                        "positioning" : "static",
                        "userCannotRemove" : false
                      },
                      "Widgets" : [ ]
                    }, {
                      "Properties" : {
                        "Area" : "UI",
                        "DisplayName" : "container-12",
                        "EnableExpandCollapse" : false,
                        "Expanded" : true,
                        "Id" : "flexcontainer-12",
                        "LastContainer" : false,
                        "Overlay" : false,
                        "ResponsiveLayout" : false,
                        "ShowDataLoading" : true,
                        "ShowExpandCollapseTab" : false,
                        "SourceURL" : "",
                        "Style" : "DefaultContainerStyle",
                        "StyleProperties" : { },
                        "Type" : "flexcontainer",
                        "UseTheme" : true,
                        "Visible" : true,
                        "Z-index" : 10,
                        "__TypeDisplayName" : "Responsive Container",
                        "align-content" : "flex-start",
                        "align-items" : "flex-start",
                        "flex-basis" : "auto",
                        "flex-direction" : "row",
                        "flex-grow" : 1,
                        "flex-max-height" : "",
                        "flex-max-width" : "128px",
                        "flex-min-height" : "",
                        "flex-min-width" : "128px",
                        "flex-shrink" : 1,
                        "flex-size" : "fixed",
                        "flex-wrap" : "nowrap",
                        "iconClass" : "widgets-flexcontainer-fixed",
                        "isLocked" : false,
                        "justify-content" : "center",
                        "positioning" : "static",
                        "userCannotRemove" : false
                      },
                      "Widgets" : [ {
                        "Properties" : {
                          "Area" : "UI",
                          "DisclosureControl" : "ellipsis",
                          "DisplayName" : "userNameLabel",
                          "Height" : 24,
                          "HorizontalAlignment" : "left",
                          "Id" : "ptcslabel-16",
                          "LabelText" : "UserName",
                          "LabelType" : "label",
                          "LastContainer" : false,
                          "Left" : 26,
                          "Margin" : "8",
                          "MultiLine" : true,
                          "ResponsiveLayout" : false,
                          "ShowDataLoading" : true,
                          "Top" : 10,
                          "Type" : "ptcslabel",
                          "UseTheme" : true,
                          "VerticalAlignment" : "center",
                          "Visible" : true,
                          "Z-index" : 10,
                          "__TypeDisplayName" : "Label",
                          "overflowShowLessTxt" : "[[showLess]]",
                          "overflowShowMoreTxt" : "[[showMore]]"
                        },
                        "Widgets" : [ ]
                      }, {
                        "Properties" : {
                          "Area" : "UI",
                          "DisclosureControl" : "show-more",
                          "DisplayName" : "ptcs-label-45",
                          "HorizontalAlignment" : "left",
                          "Id" : "ptcslabel-45",
                          "LabelText" : "Role",
                          "LabelType" : "label",
                          "LastContainer" : false,
                          "Left" : 19,
                          "Margin" : "0",
                          "MultiLine" : true,
                          "ResponsiveLayout" : false,
                          "ShowDataLoading" : true,
                          "Top" : 40,
                          "Type" : "ptcslabel",
                          "UseTheme" : true,
                          "VerticalAlignment" : "flex-start",
                          "Visible" : true,
                          "Z-index" : 10,
                          "__TypeDisplayName" : "Label",
                          "overflowShowLessTxt" : "[[showLess]]",
                          "overflowShowMoreTxt" : "[[showMore]]"
                        },
                        "Widgets" : [ ]
                      } ]
                    }, {
                      "Properties" : {
                        "Area" : "UI",
                        "DisplayName" : "container-13",
                        "EnableExpandCollapse" : false,
                        "Expanded" : true,
                        "Id" : "flexcontainer-13",
                        "LastContainer" : false,
                        "Overlay" : false,
                        "ResponsiveLayout" : false,
                        "ShowDataLoading" : true,
                        "ShowExpandCollapseTab" : false,
                        "SourceURL" : "",
                        "Style" : "DefaultContainerStyle",
                        "StyleProperties" : { },
                        "Type" : "flexcontainer",
                        "UseTheme" : true,
                        "Visible" : true,
                        "Z-index" : 10,
                        "__TypeDisplayName" : "Responsive Container",
                        "align-content" : "flex-start",
                        "align-items" : "flex-start",
                        "flex-basis" : "auto",
                        "flex-direction" : "row",
                        "flex-grow" : 1,
                        "flex-max-height" : "",
                        "flex-max-width" : "53px",
                        "flex-min-height" : "",
                        "flex-min-width" : "53px",
                        "flex-shrink" : 1,
                        "flex-size" : "fixed",
                        "flex-wrap" : "nowrap",
                        "iconClass" : "widgets-flexcontainer-fixed",
                        "isLocked" : false,
                        "justify-content" : "flex-start",
                        "positioning" : "static",
                        "userCannotRemove" : false
                      },
                      "Widgets" : [ {
                        "Properties" : {
                          "Area" : "UI",
                          "ButtonType" : "primary",
                          "ContextID" : "",
                          "Disabled" : false,
                          "DisplayName" : "logoutBtn",
                          "Icon" : "/Thingworx/MediaEntities/LogoutIcon",
                          "Id" : "ptcsbutton-15",
                          "Label" : "",
                          "LabelAlignment" : "center",
                          "LastContainer" : false,
                          "Left" : 17,
                          "Margin" : "17",
                          "ResponsiveLayout" : false,
                          "ShowDataLoading" : true,
                          "TabSequence" : 0,
                          "Top" : 17,
                          "Type" : "ptcsbutton",
                          "UseTheme" : true,
                          "Visible" : true,
                          "Z-index" : 10,
                          "__TypeDisplayName" : "Button"
                        },
                        "Widgets" : [ ]
                      } ]
                    } ]
                  }, {
                    "Properties" : {
                      "Area" : "UI",
                      "DisplayName" : "container-4",
                      "EnableExpandCollapse" : false,
                      "Expanded" : true,
                      "Id" : "flexcontainer-4",
                      "LastContainer" : false,
                      "Overlay" : false,
                      "ResponsiveLayout" : false,
                      "ShowDataLoading" : true,
                      "ShowExpandCollapseTab" : false,
                      "SourceURL" : "PTC.Asset.Icon.Activate",
                      "Style" : "DefaultContainerStyle",
                      "StyleProperties" : { },
                      "Type" : "flexcontainer",
                      "UseTheme" : true,
                      "Visible" : true,
                      "Z-index" : 10,
                      "__TypeDisplayName" : "Responsive Container",
                      "align-content" : "flex-start",
                      "align-items" : "flex-start",
                      "flex-basis" : "auto",
                      "flex-direction" : "row",
                      "flex-grow" : 1,
                      "flex-max-height" : "877px",
                      "flex-max-width" : "",
                      "flex-min-height" : "877px",
                      "flex-min-width" : "",
                      "flex-shrink" : 1,
                      "flex-size" : "fixed",
                      "flex-wrap" : "nowrap",
                      "iconClass" : "widgets-flexcontainer-fixed",
                      "isLocked" : false,
                      "justify-content" : "flex-start",
                      "positioning" : "responsive",
                      "userCannotRemove" : false
                    },
                    "Widgets" : [ {
                      "Properties" : {
                        "Area" : "UI",
                        "DisplayName" : "mashupcontainer-5",
                        "Height" : 300,
                        "Id" : "mashupcontainer-5",
                        "LastContainer" : false,
                        "Left" : 39,
                        "MashupParameters" : [ ],
                        "Name" : "",
                        "ResizeToContent" : false,
                        "ResponsiveLayout" : true,
                        "ShowDataLoading" : true,
                        "TabSequenceGroup" : 0,
                        "Top" : 1.3333282470703125,
                        "Type" : "mashupcontainer",
                        "Visible" : true,
                        "Width" : 400,
                        "Z-index" : 10,
                        "__TypeDisplayName" : "Contained Mashup"
                      },
                      "Widgets" : [ ]
                    } ]
                  } ]
                }, {
                  "Properties" : {
                    "Area" : "UI",
                    "DisplayName" : "Logoutt",
                    "Id" : "logoutfunction-37",
                    "LastContainer" : false,
                    "Left" : null,
                    "LogoutTargetMashup" : "",
                    "RedirectTo" : "url",
                    "ResponsiveLayout" : false,
                    "ShowDataLoading" : true,
                    "Top" : null,
                    "Type" : "logoutfunction",
                    "URL" : "http://inblriotcoevm1.corp.capgemini.com/Thingworx/FormLogin/DassaultAviationApplication",
                    "Visible" : true,
                    "Z-index" : 10,
                    "__TypeDisplayName" : "logoutfunction"
                  },
                  "Widgets" : [ ]
                } ]
              },
              "mashupType" : "mashup"
            }
            ]]>
            </mashupContent>
            <preview></preview>
        </Mashup>
    </Mashups>
</Entities>
