<?xml version="1.0" encoding="UTF-8"?>
<Entities
 majorVersion="9"
 minorVersion="2"
 universal="">
    <ThingShapes>
        <ThingShape
         className=""
         description=""
         documentationContent=""
         homeMashup=""
         name="DA_Quppa_ThingShape"
         projectName="DassaultAviationPoC"
         tags="DassaultAviation:Geolocation">
            <PropertyDefinitions>
                <PropertyDefinition
                 aspect.cacheTime="0.0"
                 aspect.dataChangeType="VALUE"
                 aspect.isPersistent="true"
                 baseType="STRING"
                 category=""
                 description=""
                 isLocalOnly="false"
                 name="elementCircleId"
                 ordinal="7"></PropertyDefinition>
                <PropertyDefinition
                 aspect.cacheTime="0.0"
                 aspect.dataChangeType="VALUE"
                 aspect.isPersistent="true"
                 baseType="STRING"
                 category=""
                 description=""
                 isLocalOnly="false"
                 name="elementName"
                 ordinal="5"></PropertyDefinition>
                <PropertyDefinition
                 aspect.cacheTime="0.0"
                 aspect.dataChangeType="VALUE"
                 aspect.isLogged="true"
                 aspect.isPersistent="true"
                 aspect.isRemote="true"
                 baseType="STRING"
                 category=""
                 description=""
                 isLocalOnly="false"
                 name="location"
                 ordinal="3"></PropertyDefinition>
                <PropertyDefinition
                 aspect.cacheTime="0.0"
                 aspect.dataChangeType="VALUE"
                 aspect.isLogged="true"
                 aspect.isPersistent="true"
                 aspect.isReadOnly="true"
                 aspect.isRemote="true"
                 baseType="STRING"
                 category=""
                 description=""
                 isLocalOnly="false"
                 name="payload"
                 ordinal="4"></PropertyDefinition>
                <PropertyDefinition
                 aspect.cacheTime="0.0"
                 aspect.dataChangeType="VALUE"
                 aspect.isLogged="true"
                 aspect.isPersistent="true"
                 aspect.isReadOnly="true"
                 aspect.isRemote="true"
                 baseType="STRING"
                 category=""
                 description=""
                 isLocalOnly="false"
                 name="tagId"
                 ordinal="4"></PropertyDefinition>
            </PropertyDefinitions>
            <ServiceDefinitions></ServiceDefinitions>
            <EventDefinitions></EventDefinitions>
            <ServiceMappings></ServiceMappings>
            <ServiceImplementations></ServiceImplementations>
            <Subscriptions></Subscriptions>
            <avatar></avatar>
            <DesignTimePermissions>
                <Create></Create>
                <Read></Read>
                <Update></Update>
                <Delete></Delete>
                <Metadata></Metadata>
            </DesignTimePermissions>
            <RunTimePermissions>
                <Permissions
                 resourceName="*">
                    <PropertyRead>
                        <Principal
                         isPermitted="true"
                         name="DigitalTwinUsers"
                         type="Group"></Principal>
                    </PropertyRead>
                    <PropertyWrite>
                        <Principal
                         isPermitted="true"
                         name="DigitalTwinUsers"
                         type="Group"></Principal>
                    </PropertyWrite>
                    <ServiceInvoke>
                        <Principal
                         isPermitted="true"
                         name="DigitalTwinUsers"
                         type="Group"></Principal>
                    </ServiceInvoke>
                    <EventInvoke>
                        <Principal
                         isPermitted="true"
                         name="DigitalTwinUsers"
                         type="Group"></Principal>
                    </EventInvoke>
                    <EventSubscribe>
                        <Principal
                         isPermitted="true"
                         name="DigitalTwinUsers"
                         type="Group"></Principal>
                    </EventSubscribe>
                </Permissions>
            </RunTimePermissions>
            <VisibilityPermissions>
                <Visibility>
                    <Principal
                     isPermitted="true"
                     name="DigitalTwinDevelopers"
                     type="Organization"></Principal>
                </Visibility>
            </VisibilityPermissions>
            <ConfigurationTableDefinitions></ConfigurationTableDefinitions>
            <ConfigurationTables></ConfigurationTables>
            <PropertyBindings></PropertyBindings>
            <RemotePropertyBindings>
                <RemotePropertyBinding
                 aspect.source=""
                 aspect.startType="useDefaultValue"
                 aspect.tagAddress=""
                 foldType="NONE"
                 name="location"
                 pushThreshold="0.0"
                 pushType="VALUE"
                 sourceName=""
                 timeout="0"></RemotePropertyBinding>
                <RemotePropertyBinding
                 aspect.source=""
                 aspect.startType="useDefaultValue"
                 aspect.tagAddress=""
                 foldType="NONE"
                 name="payload"
                 pushThreshold="0.0"
                 pushType="VALUE"
                 sourceName=""
                 timeout="0"></RemotePropertyBinding>
                <RemotePropertyBinding
                 aspect.source=""
                 aspect.startType="useDefaultValue"
                 aspect.tagAddress=""
                 foldType="NONE"
                 name="tagId"
                 pushThreshold="0.0"
                 pushType="VALUE"
                 sourceName=""
                 timeout="0"></RemotePropertyBinding>
            </RemotePropertyBindings>
            <RemoteServiceBindings></RemoteServiceBindings>
            <RemoteEventBindings></RemoteEventBindings>
            <AlertConfigurations>
                <AlertDefinitions
                 name="elementCircleId"></AlertDefinitions>
                <AlertDefinitions
                 name="elementName"></AlertDefinitions>
                <AlertDefinitions
                 name="location"></AlertDefinitions>
                <AlertDefinitions
                 name="payload"></AlertDefinitions>
                <AlertDefinitions
                 name="tagId"></AlertDefinitions>
            </AlertConfigurations>
            <InstanceRunTimePermissions></InstanceRunTimePermissions>
        </ThingShape>
    </ThingShapes>
</Entities>
