<?xml version="1.0" encoding="UTF-8"?>
<Entities
 majorVersion="9"
 minorVersion="2"
 universal="">
    <Things>
        <Thing
         description="This thing is used as connector between git repo and TWX"
         documentationContent=""
         effectiveThingPackage="GitExtensionPackage"
         enabled="true"
         homeMashup=""
         identifier=""
         inheritedValueStream=""
         name="DA.GitConnector.Thing"
         projectName="DassaultAviationPoC"
         published="false"
         tags=""
         thingTemplate="GitBackupTemplate"
         valueStream="">
            <avatar></avatar>
            <DesignTimePermissions>
                <Create></Create>
                <Read></Read>
                <Update></Update>
                <Delete></Delete>
                <Metadata></Metadata>
            </DesignTimePermissions>
            <RunTimePermissions>
                <Permissions
                 resourceName="*">
                    <PropertyRead>
                        <Principal
                         isPermitted="true"
                         name="DigitalTwinUsers"
                         type="Group"></Principal>
                    </PropertyRead>
                    <PropertyWrite>
                        <Principal
                         isPermitted="true"
                         name="DigitalTwinUsers"
                         type="Group"></Principal>
                    </PropertyWrite>
                    <ServiceInvoke>
                        <Principal
                         isPermitted="true"
                         name="DigitalTwinUsers"
                         type="Group"></Principal>
                    </ServiceInvoke>
                    <EventInvoke>
                        <Principal
                         isPermitted="true"
                         name="DigitalTwinUsers"
                         type="Group"></Principal>
                    </EventInvoke>
                    <EventSubscribe>
                        <Principal
                         isPermitted="true"
                         name="DigitalTwinUsers"
                         type="Group"></Principal>
                    </EventSubscribe>
                </Permissions>
            </RunTimePermissions>
            <VisibilityPermissions>
                <Visibility>
                    <Principal
                     isPermitted="true"
                     name="DigitalTwinDevelopers"
                     type="Organization"></Principal>
                </Visibility>
            </VisibilityPermissions>
            <ConfigurationTableDefinitions></ConfigurationTableDefinitions>
            <ConfigurationTables>
                <ConfigurationTable
                 dataShapeName=""
                 description=""
                 isMultiRow="false"
                 name="Configuration"
                 ordinal="0">
                    <DataShape>
                        <FieldDefinitions>
                            <FieldDefinition
                             aspect.defaultValue="master"
                             aspect.friendlyName="Initial branch"
                             baseType="STRING"
                             description=""
                             name="BranchName"
                             ordinal="7"></FieldDefinition>
                            <FieldDefinition
                             aspect.defaultValue="jdoe@ptc.com"
                             aspect.friendlyName="Commit Email"
                             baseType="STRING"
                             description=""
                             name="CommitEmail"
                             ordinal="3"></FieldDefinition>
                            <FieldDefinition
                             aspect.defaultValue="John Doe"
                             aspect.friendlyName="Commit Name"
                             baseType="STRING"
                             description=""
                             name="CommitName"
                             ordinal="2"></FieldDefinition>
                            <FieldDefinition
                             aspect.defaultValue="GitRepository"
                             aspect.friendlyName="File Repository"
                             aspect.thingTemplate="FileRepository"
                             baseType="THINGNAME"
                             description=""
                             name="FileRepository"
                             ordinal="5"></FieldDefinition>
                            <FieldDefinition
                             aspect.defaultValue="https://bitbucket.org/username/reponame"
                             aspect.friendlyName="Git Repo URL"
                             baseType="STRING"
                             description=""
                             name="GitRepoURL"
                             ordinal="4"></FieldDefinition>
                            <FieldDefinition
                             aspect.defaultValue="prefix"
                             aspect.friendlyName="Localization Tokens Prefix"
                             baseType="STRING"
                             description="Prefix used for exporting Localization tokens"
                             name="LocalizationTokensPrefix"
                             ordinal="10"></FieldDefinition>
                            <FieldDefinition
                             baseType="PASSWORD"
                             description=""
                             name="Password"
                             ordinal="1"></FieldDefinition>
                            <FieldDefinition
                             aspect.defaultValue="0"
                             aspect.friendlyName="Proxy Port"
                             baseType="INTEGER"
                             description="Proxy Port"
                             name="ProxyPort"
                             ordinal="10"></FieldDefinition>
                            <FieldDefinition
                             aspect.defaultValue="proxyHostName"
                             aspect.friendlyName="Proxy URL"
                             baseType="STRING"
                             description="The HTTP proxy used for connection to the remote; leave blank if not used "
                             name="ProxyURL"
                             ordinal="9"></FieldDefinition>
                            <FieldDefinition
                             aspect.defaultValue="/smartparking"
                             aspect.friendlyName="File Repository Path"
                             baseType="STRING"
                             description=""
                             name="RepoPathName"
                             ordinal="6"></FieldDefinition>
                            <FieldDefinition
                             aspect.defaultValue="false"
                             aspect.friendlyName="Use Proxy?"
                             baseType="BOOLEAN"
                             description="Should Proxy be used?"
                             name="UseProxy"
                             ordinal="8"></FieldDefinition>
                            <FieldDefinition
                             baseType="STRING"
                             description=""
                             name="User"
                             ordinal="0"></FieldDefinition>
                        </FieldDefinitions>
                    </DataShape>
                    <Rows>
                        <Row>
                            <BranchName>
                            <![CDATA[
                            main
                            ]]>
                            </BranchName>
                            <CommitEmail>
                            <![CDATA[
                            shyam.a.patel@capgemini.com
                            ]]>
                            </CommitEmail>
                            <CommitName>
                            <![CDATA[
                            shyapate
                            ]]>
                            </CommitName>
                            <FileRepository>
                            <![CDATA[
                            GitRepository
                            ]]>
                            </FileRepository>
                            <GitRepoURL>
                            <![CDATA[
                            https://github.com/CG-DEMS/DassaultPoC_Mar21.git
                            ]]>
                            </GitRepoURL>
                            <LocalizationTokensPrefix>
                            <![CDATA[
                            prefix
                            ]]>
                            </LocalizationTokensPrefix>
                            <Password></Password>
                            <ProxyPort>0</ProxyPort>
                            <ProxyURL>
                            <![CDATA[
                            proxyHostName
                            ]]>
                            </ProxyURL>
                            <RepoPathName>
                            <![CDATA[
                            /
                            ]]>
                            </RepoPathName>
                            <UseProxy>false</UseProxy>
                            <User>
                            <![CDATA[
                            shyapate
                            ]]>
                            </User>
                        </Row>
                    </Rows>
                </ConfigurationTable>
            </ConfigurationTables>
            <ThingShape>
                <PropertyDefinitions></PropertyDefinitions>
                <ServiceDefinitions></ServiceDefinitions>
                <EventDefinitions></EventDefinitions>
                <ServiceMappings></ServiceMappings>
                <ServiceImplementations></ServiceImplementations>
                <Subscriptions></Subscriptions>
            </ThingShape>
            <PropertyBindings></PropertyBindings>
            <RemotePropertyBindings></RemotePropertyBindings>
            <RemoteServiceBindings></RemoteServiceBindings>
            <RemoteEventBindings></RemoteEventBindings>
            <AlertConfigurations></AlertConfigurations>
            <ImplementedShapes>
                <ImplementedShape
                 name="Git.Utility.ThingShape"
                 type="ThingShape"></ImplementedShape>
            </ImplementedShapes>
            <ThingProperties>
                <MaxDiffSize>
                    <Value>500000</Value>
                    <Timestamp>1970-01-01T00:00:00.000Z</Timestamp>
                    <Quality>UNKNOWN</Quality>
                </MaxDiffSize>
            </ThingProperties>
        </Thing>
    </Things>
</Entities>
