<?xml version="1.0" encoding="UTF-8"?>
<Entities
 majorVersion="9"
 minorVersion="2"
 universal="">
    <Things>
        <Thing
         description=""
         documentationContent=""
         effectiveThingPackage="IndustrialGateway"
         enabled="true"
         homeMashup=""
         identifier=""
         inheritedValueStream="IndustrialGatewayDiagnosticStream"
         name="DA_Kepware.T"
         projectName="DassaultAviationPoC"
         published="false"
         tags=""
         thingTemplate="IndustrialGateway"
         valueStream="">
            <avatar></avatar>
            <DesignTimePermissions>
                <Create></Create>
                <Read></Read>
                <Update></Update>
                <Delete></Delete>
                <Metadata></Metadata>
            </DesignTimePermissions>
            <RunTimePermissions>
                <Permissions
                 resourceName="*">
                    <PropertyRead>
                        <Principal
                         isPermitted="true"
                         name="DigitalTwinUsers"
                         type="Group"></Principal>
                    </PropertyRead>
                    <PropertyWrite>
                        <Principal
                         isPermitted="true"
                         name="DigitalTwinUsers"
                         type="Group"></Principal>
                    </PropertyWrite>
                    <ServiceInvoke>
                        <Principal
                         isPermitted="true"
                         name="DigitalTwinUsers"
                         type="Group"></Principal>
                    </ServiceInvoke>
                    <EventInvoke>
                        <Principal
                         isPermitted="true"
                         name="DigitalTwinUsers"
                         type="Group"></Principal>
                    </EventInvoke>
                    <EventSubscribe>
                        <Principal
                         isPermitted="true"
                         name="DigitalTwinUsers"
                         type="Group"></Principal>
                    </EventSubscribe>
                </Permissions>
            </RunTimePermissions>
            <VisibilityPermissions>
                <Visibility>
                    <Principal
                     isPermitted="true"
                     name="DassaultAviationApplication"
                     type="Organization"></Principal>
                    <Principal
                     isPermitted="true"
                     name="DigitalTwinDevelopers"
                     type="Organization"></Principal>
                </Visibility>
            </VisibilityPermissions>
            <ConfigurationTableDefinitions></ConfigurationTableDefinitions>
            <ConfigurationTables>
                <ConfigurationTable
                 dataShapeName=""
                 description="Reporting Settings"
                 isMultiRow="false"
                 name="ReportingConfiguration"
                 ordinal="0">
                    <DataShape>
                        <FieldDefinitions>
                            <FieldDefinition
                             aspect.defaultValue="NotReporting"
                             aspect.isPrimaryKey="true"
                             aspect.isReadOnly="false"
                             aspect.thingTemplate="ReportingStrategy"
                             baseType="THINGNAME"
                             description="Strategy to determine health"
                             name="reportingStrategy"
                             ordinal="1"></FieldDefinition>
                        </FieldDefinitions>
                    </DataShape>
                    <Rows>
                        <Row>
                            <reportingStrategy>
                            <![CDATA[
                            AlwaysOnReporting
                            ]]>
                            </reportingStrategy>
                        </Row>
                    </Rows>
                </ConfigurationTable>
            </ConfigurationTables>
            <ThingShape>
                <PropertyDefinitions></PropertyDefinitions>
                <ServiceDefinitions></ServiceDefinitions>
                <EventDefinitions></EventDefinitions>
                <ServiceMappings></ServiceMappings>
                <ServiceImplementations></ServiceImplementations>
                <Subscriptions></Subscriptions>
            </ThingShape>
            <PropertyBindings></PropertyBindings>
            <RemotePropertyBindings></RemotePropertyBindings>
            <RemoteServiceBindings></RemoteServiceBindings>
            <RemoteEventBindings></RemoteEventBindings>
            <AlertConfigurations></AlertConfigurations>
            <ImplementedShapes></ImplementedShapes>
            <ThingProperties>
                <reportingLastEvaluation>
                    <Value>2021-06-23T11:04:40.797Z</Value>
                    <Timestamp>2021-06-23T11:04:40.797Z</Timestamp>
                    <Quality>GOOD</Quality>
                </reportingLastEvaluation>
                <reportingLastChange>
                    <Value>2021-06-23T11:04:40.797Z</Value>
                    <Timestamp>2021-06-23T11:04:40.797Z</Timestamp>
                    <Quality>GOOD</Quality>
                </reportingLastChange>
                <lastConnection>
                    <Value>2021-06-23T11:03:58.168Z</Value>
                    <Timestamp>2021-06-23T11:03:58.168Z</Timestamp>
                    <Quality>GOOD</Quality>
                </lastConnection>
                <IndustrialFileRepository>
                    <Value>
                    <![CDATA[
                    SystemRepository
                    ]]>
                    </Value>
                    <Timestamp>1970-01-01T00:00:00.000Z</Timestamp>
                    <Quality>UNKNOWN</Quality>
                </IndustrialFileRepository>
                <ProductName>
                    <Value>
                    <![CDATA[
                    ThingWorx Industrial Connectivity
                    ]]>
                    </Value>
                    <Timestamp>2021-06-23T11:03:59.423Z</Timestamp>
                    <Quality>GOOD</Quality>
                </ProductName>
                <ProjectName>
                    <Value>
                    <![CDATA[
                    default.opf
                    ]]>
                    </Value>
                    <Timestamp>2021-06-23T11:03:59.423Z</Timestamp>
                    <Quality>GOOD</Quality>
                </ProjectName>
                <TotalTagCount>
                    <Value>19</Value>
                    <Timestamp>2021-06-23T11:04:19.450Z</Timestamp>
                    <Quality>GOOD</Quality>
                </TotalTagCount>
                <PropertyCount>
                    <Value>9</Value>
                    <Timestamp>2021-06-23T11:03:59.423Z</Timestamp>
                    <Quality>GOOD</Quality>
                </PropertyCount>
                <DatastoreCurrentSizeMB>
                    <Value>0.0</Value>
                    <Timestamp>2021-06-23T11:03:59.423Z</Timestamp>
                    <Quality>GOOD</Quality>
                </DatastoreCurrentSizeMB>
                <ProductVersion>
                    <Value>
                    <![CDATA[
                    8.5.67
                    ]]>
                    </Value>
                    <Timestamp>2021-06-23T11:03:59.423Z</Timestamp>
                    <Quality>GOOD</Quality>
                </ProductVersion>
                <DateTime>
                    <Value>2021-06-23T11:04:39.377Z</Value>
                    <Timestamp>2021-06-23T11:04:39.609Z</Timestamp>
                    <Quality>GOOD</Quality>
                </DateTime>
                <DatastoreDiskFull>
                    <Value>false</Value>
                    <Timestamp>2021-06-23T11:03:59.423Z</Timestamp>
                    <Quality>GOOD</Quality>
                </DatastoreDiskFull>
                <LicensedFeatures>
                    <Value>
                        <infoTable>
                            <DataShape>
                                <FieldDefinitions>
                                    <FieldDefinition
                                     baseType="STRING"
                                     description=""
                                     name="element"
                                     ordinal="0"></FieldDefinition>
                                </FieldDefinitions>
                            </DataShape>
                            <Rows></Rows>
                        </infoTable>
                    </Value>
                    <Timestamp>2021-06-23T11:04:39.609Z</Timestamp>
                    <Quality>GOOD</Quality>
                </LicensedFeatures>
                <StoreAndForwardEnabledStatus>
                    <Value>false</Value>
                    <Timestamp>2021-06-23T11:03:59.423Z</Timestamp>
                    <Quality>GOOD</Quality>
                </StoreAndForwardEnabledStatus>
                <DatastoreAttachError>
                    <Value>false</Value>
                    <Timestamp>2021-06-23T11:03:59.423Z</Timestamp>
                    <Quality>GOOD</Quality>
                </DatastoreAttachError>
                <OpcClientNames>
                    <Value>
                        <infoTable>
                            <DataShape>
                                <FieldDefinitions>
                                    <FieldDefinition
                                     baseType="STRING"
                                     description=""
                                     name="element"
                                     ordinal="0"></FieldDefinition>
                                </FieldDefinitions>
                            </DataShape>
                            <Rows>
                                <Row>
                                    <element></element>
                                </Row>
                            </Rows>
                        </infoTable>
                    </Value>
                    <Timestamp>2021-06-23T11:04:39.609Z</Timestamp>
                    <Quality>GOOD</Quality>
                </OpcClientNames>
                <DatastoreUseableDiskSpaceMB>
                    <Value>0.0</Value>
                    <Timestamp>2021-06-23T11:03:59.423Z</Timestamp>
                    <Quality>GOOD</Quality>
                </DatastoreUseableDiskSpaceMB>
                <DatastoreRemainingSpaceMB>
                    <Value>0.0</Value>
                    <Timestamp>2021-06-23T11:03:59.423Z</Timestamp>
                    <Quality>GOOD</Quality>
                </DatastoreRemainingSpaceMB>
                <DatastoreFull>
                    <Value>false</Value>
                    <Timestamp>2021-06-23T11:03:59.423Z</Timestamp>
                    <Quality>GOOD</Quality>
                </DatastoreFull>
                <FullProjectName>
                    <Value>
                    <![CDATA[
                    D:\ProgramData\PTC\ThingWorx Industrial Connectivity\V8\default.opf
                    ]]>
                    </Value>
                    <Timestamp>2021-06-23T11:03:59.423Z</Timestamp>
                    <Quality>GOOD</Quality>
                </FullProjectName>
                <ClientCount>
                    <Value>0</Value>
                    <Timestamp>2021-06-23T11:04:19.450Z</Timestamp>
                    <Quality>GOOD</Quality>
                </ClientCount>
                <DroppedUpdates>
                    <Value>0</Value>
                    <Timestamp>2021-06-23T11:03:59.423Z</Timestamp>
                    <Quality>GOOD</Quality>
                </DroppedUpdates>
                <Hostname>
                    <Value>
                    <![CDATA[
                    INMUMVM10175908.corp.capgemini.com
                    ]]>
                    </Value>
                    <Timestamp>2021-06-23T11:03:59.423Z</Timestamp>
                    <Quality>GOOD</Quality>
                </Hostname>
                <IndustrialThingCount>
                    <Value>3</Value>
                    <Timestamp>2021-06-23T11:03:59.423Z</Timestamp>
                    <Quality>GOOD</Quality>
                </IndustrialThingCount>
                <UpdatesPerSecond>
                    <Value>6</Value>
                    <Timestamp>2021-06-23T11:04:19.450Z</Timestamp>
                    <Quality>GOOD</Quality>
                </UpdatesPerSecond>
                <ForwardModeStatus>
                    <Value></Value>
                    <Timestamp>2021-06-23T11:03:59.423Z</Timestamp>
                    <Quality>GOOD</Quality>
                </ForwardModeStatus>
                <ActiveTagCount>
                    <Value>19</Value>
                    <Timestamp>2021-06-23T11:04:19.450Z</Timestamp>
                    <Quality>GOOD</Quality>
                </ActiveTagCount>
                <ProjectTitle>
                    <Value>
                    <![CDATA[
                    Untitled
                    ]]>
                    </Value>
                    <Timestamp>2021-06-23T11:03:59.423Z</Timestamp>
                    <Quality>GOOD</Quality>
                </ProjectTitle>
                <TimeLimitedFeatures>
                    <Value>
                        <infoTable>
                            <DataShape>
                                <FieldDefinitions>
                                    <FieldDefinition
                                     baseType="STRING"
                                     description=""
                                     name="element"
                                     ordinal="0"></FieldDefinition>
                                </FieldDefinitions>
                            </DataShape>
                            <Rows>
                                <Row>
                                    <element>
                                    <![CDATA[
                                    Advanced Simulator:7157
                                    ]]>
                                    </element>
                                </Row>
                            </Rows>
                        </infoTable>
                    </Value>
                    <Timestamp>2021-06-23T11:04:39.609Z</Timestamp>
                    <Quality>GOOD</Quality>
                </TimeLimitedFeatures>
                <ExpiredFeatures>
                    <Value>
                        <infoTable>
                            <DataShape>
                                <FieldDefinitions>
                                    <FieldDefinition
                                     baseType="STRING"
                                     description=""
                                     name="element"
                                     ordinal="0"></FieldDefinition>
                                </FieldDefinitions>
                            </DataShape>
                            <Rows></Rows>
                        </infoTable>
                    </Value>
                    <Timestamp>2021-06-23T11:04:39.609Z</Timestamp>
                    <Quality>GOOD</Quality>
                </ExpiredFeatures>
            </ThingProperties>
        </Thing>
    </Things>
</Entities>
