<?xml version="1.0" encoding="UTF-8"?>
<Entities
 majorVersion="9"
 minorVersion="2"
 universal="">
    <Things>
        <Thing
         description=""
         documentationContent=""
         effectiveThingPackage="ConfiguredThing"
         enabled="true"
         homeMashup=""
         identifier=""
         inheritedValueStream=""
         name="DA_SVGHandler_Thing"
         projectName="DassaultAviationPoC"
         published="false"
         tags="DassaultAviation:Geolocation"
         thingTemplate="GenericThing"
         valueStream="">
            <avatar></avatar>
            <DesignTimePermissions>
                <Create></Create>
                <Read></Read>
                <Update></Update>
                <Delete></Delete>
                <Metadata></Metadata>
            </DesignTimePermissions>
            <RunTimePermissions>
                <Permissions
                 resourceName="*">
                    <PropertyRead>
                        <Principal
                         isPermitted="true"
                         name="DigitalTwinUsers"
                         type="Group"></Principal>
                    </PropertyRead>
                    <PropertyWrite>
                        <Principal
                         isPermitted="true"
                         name="DigitalTwinUsers"
                         type="Group"></Principal>
                    </PropertyWrite>
                    <ServiceInvoke>
                        <Principal
                         isPermitted="true"
                         name="DigitalTwinUsers"
                         type="Group"></Principal>
                    </ServiceInvoke>
                    <EventInvoke>
                        <Principal
                         isPermitted="true"
                         name="DigitalTwinUsers"
                         type="Group"></Principal>
                    </EventInvoke>
                    <EventSubscribe>
                        <Principal
                         isPermitted="true"
                         name="DigitalTwinUsers"
                         type="Group"></Principal>
                    </EventSubscribe>
                </Permissions>
            </RunTimePermissions>
            <VisibilityPermissions>
                <Visibility>
                    <Principal
                     isPermitted="true"
                     name="DigitalTwinDevelopers"
                     type="Organization"></Principal>
                </Visibility>
            </VisibilityPermissions>
            <ConfigurationTableDefinitions></ConfigurationTableDefinitions>
            <ConfigurationTables></ConfigurationTables>
            <ThingShape>
                <PropertyDefinitions></PropertyDefinitions>
                <ServiceDefinitions>
                    <ServiceDefinition
                     aspect.isAsync="false"
                     category=""
                     description=""
                     isAllowOverride="false"
                     isLocalOnly="false"
                     isOpen="false"
                     isPrivate="false"
                     name="AddXMLElement">
                        <ResultType
                         baseType="XML"
                         description=""
                         name="result"
                         ordinal="0"></ResultType>
                        <ParameterDefinitions>
                            <FieldDefinition
                             baseType="STRING"
                             description=""
                             name="fill"
                             ordinal="5"></FieldDefinition>
                            <FieldDefinition
                             baseType="STRING"
                             description=""
                             name="height"
                             ordinal="2"></FieldDefinition>
                            <FieldDefinition
                             baseType="STRING"
                             description=""
                             name="id"
                             ordinal="3"></FieldDefinition>
                            <FieldDefinition
                             baseType="STRING"
                             description=""
                             name="stroke"
                             ordinal="4"></FieldDefinition>
                            <FieldDefinition
                             baseType="STRING"
                             description=""
                             name="width"
                             ordinal="1"></FieldDefinition>
                            <FieldDefinition
                             baseType="STRING"
                             description=""
                             name="x"
                             ordinal="6"></FieldDefinition>
                            <FieldDefinition
                             baseType="STRING"
                             description=""
                             name="y"
                             ordinal="7"></FieldDefinition>
                        </ParameterDefinitions>
                    </ServiceDefinition>
                    <ServiceDefinition
                     aspect.isAsync="false"
                     category=""
                     description=""
                     isAllowOverride="false"
                     isLocalOnly="false"
                     isOpen="false"
                     isPrivate="false"
                     name="CreateQuppaThing">
                        <ResultType
                         baseType="THINGNAME"
                         description=""
                         name="result"
                         ordinal="0"></ResultType>
                        <ParameterDefinitions></ParameterDefinitions>
                    </ServiceDefinition>
                    <ServiceDefinition
                     aspect.isAsync="false"
                     category=""
                     description=""
                     isAllowOverride="false"
                     isLocalOnly="false"
                     isOpen="false"
                     isPrivate="false"
                     name="GenerateOverrideInfo">
                        <ResultType
                         aspect.dataShape="DA_SVGOverride_DS"
                         baseType="INFOTABLE"
                         description=""
                         name="result"
                         ordinal="0"></ResultType>
                        <ParameterDefinitions>
                            <FieldDefinition
                             aspect.isRequired="false"
                             baseType="BOOLEAN"
                             description=""
                             name="connectionStatus"
                             ordinal="4"></FieldDefinition>
                            <FieldDefinition
                             aspect.isRequired="false"
                             baseType="STRING"
                             description=""
                             name="imageId"
                             ordinal="3"></FieldDefinition>
                            <FieldDefinition
                             aspect.isRequired="true"
                             baseType="STRING"
                             description=""
                             name="location"
                             ordinal="2"></FieldDefinition>
                            <FieldDefinition
                             aspect.isRequired="true"
                             baseType="STRING"
                             description=""
                             name="textId"
                             ordinal="1"></FieldDefinition>
                        </ParameterDefinitions>
                    </ServiceDefinition>
                    <ServiceDefinition
                     aspect.isAsync="false"
                     category=""
                     description=""
                     isAllowOverride="false"
                     isLocalOnly="false"
                     isOpen="false"
                     isPrivate="false"
                     name="GetCircleElementInfo">
                        <ResultType
                         baseType="STRING"
                         description=""
                         name="result"
                         ordinal="0"></ResultType>
                        <ParameterDefinitions></ParameterDefinitions>
                    </ServiceDefinition>
                    <ServiceDefinition
                     aspect.isAsync="false"
                     category=""
                     description=""
                     isAllowOverride="false"
                     isLocalOnly="false"
                     isOpen="false"
                     isPrivate="false"
                     name="GetDataFromSvg">
                        <ResultType
                         aspect.dataShape="GeoLoc"
                         baseType="INTEGER"
                         description=""
                         name="result"
                         ordinal="0"></ResultType>
                        <ParameterDefinitions></ParameterDefinitions>
                    </ServiceDefinition>
                    <ServiceDefinition
                     aspect.isAsync="false"
                     category=""
                     description=""
                     isAllowOverride="false"
                     isLocalOnly="false"
                     isOpen="false"
                     isPrivate="false"
                     name="GetMapDetails">
                        <ResultType
                         aspect.dataShape="DA_GeoLocalizationOverriding_DS"
                         baseType="INFOTABLE"
                         description=""
                         name="result"
                         ordinal="0"></ResultType>
                        <ParameterDefinitions>
                            <FieldDefinition
                             aspect.isRequired="true"
                             baseType="STRING"
                             description=""
                             name="TagName"
                             ordinal="1"></FieldDefinition>
                        </ParameterDefinitions>
                    </ServiceDefinition>
                    <ServiceDefinition
                     aspect.isAsync="false"
                     category=""
                     description=""
                     isAllowOverride="false"
                     isLocalOnly="false"
                     isOpen="false"
                     isPrivate="false"
                     name="GetOverrideInfo">
                        <ResultType
                         aspect.dataShape="DA_SVGOverrideGeneric_DS"
                         baseType="INFOTABLE"
                         description=""
                         name="result"
                         ordinal="0"></ResultType>
                        <ParameterDefinitions>
                            <FieldDefinition
                             aspect.isRequired="true"
                             baseType="STRING"
                             description=""
                             name="overrideInfo"
                             ordinal="1"></FieldDefinition>
                        </ParameterDefinitions>
                    </ServiceDefinition>
                    <ServiceDefinition
                     aspect.isAsync="false"
                     category=""
                     description=""
                     isAllowOverride="false"
                     isLocalOnly="false"
                     isOpen="false"
                     isPrivate="false"
                     name="GetOverridingDetails">
                        <ResultType
                         aspect.dataShape="DA_SVGOverrideGeneric_DS"
                         baseType="INFOTABLE"
                         description=""
                         name="result"
                         ordinal="0"></ResultType>
                        <ParameterDefinitions></ParameterDefinitions>
                    </ServiceDefinition>
                    <ServiceDefinition
                     aspect.isAsync="false"
                     category=""
                     description=""
                     isAllowOverride="false"
                     isLocalOnly="false"
                     isOpen="false"
                     isPrivate="false"
                     name="GetOverridingDetailsCopy">
                        <ResultType
                         aspect.dataShape="DA_SVGOverrideGeneric_DS"
                         baseType="INFOTABLE"
                         description=""
                         name="result"
                         ordinal="0"></ResultType>
                        <ParameterDefinitions></ParameterDefinitions>
                    </ServiceDefinition>
                    <ServiceDefinition
                     aspect.isAsync="false"
                     category=""
                     description=""
                     isAllowOverride="false"
                     isLocalOnly="false"
                     isOpen="false"
                     isPrivate="false"
                     name="GetPointOnSVG">
                        <ResultType
                         aspect.dataShape="DA_SVGOverrideGeneric_DS"
                         baseType="INFOTABLE"
                         description=""
                         name="result"
                         ordinal="0"></ResultType>
                        <ParameterDefinitions>
                            <FieldDefinition
                             aspect.isRequired="true"
                             baseType="STRING"
                             description=""
                             name="TagName"
                             ordinal="1"></FieldDefinition>
                        </ParameterDefinitions>
                    </ServiceDefinition>
                    <ServiceDefinition
                     aspect.isAsync="false"
                     category=""
                     description=""
                     isAllowOverride="false"
                     isLocalOnly="false"
                     isOpen="false"
                     isPrivate="false"
                     name="GetQuppaTagList">
                        <ResultType
                         aspect.dataShape="DA_QuppaDetails_DS"
                         baseType="INFOTABLE"
                         description=""
                         name="result"
                         ordinal="0"></ResultType>
                        <ParameterDefinitions></ParameterDefinitions>
                    </ServiceDefinition>
                    <ServiceDefinition
                     aspect.isAsync="false"
                     category=""
                     description=""
                     isAllowOverride="false"
                     isLocalOnly="false"
                     isOpen="false"
                     isPrivate="false"
                     name="GetSVGElementCircleIdList">
                        <ResultType
                         aspect.dataShape="DA_SVGElementID_DS"
                         baseType="INFOTABLE"
                         description=""
                         name="result"
                         ordinal="0"></ResultType>
                        <ParameterDefinitions></ParameterDefinitions>
                    </ServiceDefinition>
                    <ServiceDefinition
                     aspect.isAsync="false"
                     category=""
                     description=""
                     isAllowOverride="false"
                     isLocalOnly="false"
                     isOpen="false"
                     isPrivate="false"
                     name="MapGridDetails">
                        <ResultType
                         aspect.dataShape="DA_GeoLocalizationOverriding_DS"
                         baseType="INFOTABLE"
                         description=""
                         name="result"
                         ordinal="0"></ResultType>
                        <ParameterDefinitions></ParameterDefinitions>
                    </ServiceDefinition>
                    <ServiceDefinition
                     aspect.isAsync="false"
                     category=""
                     description=""
                     isAllowOverride="false"
                     isLocalOnly="false"
                     isOpen="false"
                     isPrivate="false"
                     name="UpdateGenericInfo">
                        <ResultType
                         aspect.dataShape="DA_SVGOverrideGeneric_DS"
                         baseType="INFOTABLE"
                         description=""
                         name="result"
                         ordinal="0"></ResultType>
                        <ParameterDefinitions></ParameterDefinitions>
                    </ServiceDefinition>
                </ServiceDefinitions>
                <EventDefinitions></EventDefinitions>
                <ServiceMappings></ServiceMappings>
                <ServiceImplementations>
                    <ServiceImplementation
                     description=""
                     handlerName="Script"
                     name="AddXMLElement">
                        <ConfigurationTables>
                            <ConfigurationTable
                             dataShapeName=""
                             description=""
                             isMultiRow="false"
                             name="Script"
                             ordinal="0">
                                <DataShape>
                                    <FieldDefinitions>
                                        <FieldDefinition
                                         baseType="STRING"
                                         description="code"
                                         name="code"
                                         ordinal="0"></FieldDefinition>
                                    </FieldDefinitions>
                                </DataShape>
                                <Rows>
                                    <Row>
                                        <code>
                                        <![CDATA[
                                        //var result1 = "<image width=\""+width+"\" height=\""+height+"\" preserveAspectRatio=\"none\" xlink:href=\"data:image/png;base64,iVBORw0KGgoAAAANSUhEUgAAAHgAAAB4CAQAAACTbf5ZAAAABGdBTUEAALGPC/xhBQAAACBjSFJN AAB6JgAAgIQAAPoAAACA6AAAdTAAAOpgAAA6mAAAF3CculE8AAAAAmJLR0QA/4ePzL8AAAAHdElN RQfhCxsMMje904sSAAAEmklEQVR42u2dW0gVQRjH/14SrRSyIgslLCuNyl6yRCKUxKR6MggxCIUe QnooA+tBu7xoUWERhZZQPfRUEEJeyS4YoUiI1wgJogtZZpHmXaeHUM9ld8/O7pzZ9Vu/fTrnLDvz O9//nJ355ptvgQWjbQECrrEdx11ejaEQI7S/tChMg7kc1+nrpM0NeBqZ1IFL3YAZvmA5beBUD2CG x7SBQ/DHC/kIbeQqL+DfWEsZON8LmOEVgugCxyoAM5ym7ONeBeBRJNIFvqno4y6E2qubQQKvlK3w 7kqEooGmh5dgVNHHU0ijKupGRWCGT1hmn04GCrxWncr70bhB08OJKh5mYDhMc279VRX4F2IoIt/T 8HGDkGCDjW5LABCGLNXP1mEAzdQ8vAJTGj4ewVZ6om7RAGZ4ixBakgZisEfj09UIQiMtD6doephh SvMLmYcWhAEfyB8QQQv5kQ9ghkpawMd8AjMcogQcrQP4B6IoIXfrQK61atzljzDbeiT7PCcO39BK xcMZOjzM8BebqACHYlgXcisW0ZD0JHYjTsd5azCFlzR8fFKXhxkmsIsG8GadwAy9WGpFB4tmO1Aq 6IofdSPftgJ4r8vgPkXIFSt0AzMckA8cjsnZ5nuErBVkcQD3YZV85HaXDoiQdQTGOZCfyAcud5uz ipB1EwcwQ55s4Fy35kXIuogLeAgb5ALHe3TAvKyTuIAZXstdPg9Av0coxqysA/GdE/msXB9XezRv XtYPOYEnsMP/mHOLaW+8RH7e5LXrOM8Pxn2EWTH4ECVrz5REPYfEtEXXwYcoWbdxA0tNW2xX6IC5 f+tL3MBS0xbLFQPnZmSdZgBYYtpirmLzZmQdgkFDyJLSFuNVmjcj6ypDwJLSFj0HHyJknW8IWFra YrVK88ZlHWcQmKHAX151H/BfpBI6RR+eoQMv0AzGM/iY78ckOnEVCTyDDwpHP66p5R50kwRmYKj+ /z/kmYk3DKqWiQtKwJRtn9OA4TTgGiXgxWRxn+KcUjSZ6m3pyszSbLAb8E5yG28m8Q51qETPXBzJ 1ZIJofahHl14jhbtn7V9Jg+nZEwPf6qMR5MsmB5KuH8kqDReQjUAkGebEE+OnJ95hWA52z6I1yFY zsbCtJ8RKQc3wmmB+HTBcja21FIm70ZdLFjOwFFu3G6Zi2k1li+XjstYLlUbdJiVs5EF8TMyR54J guXMn/LQJHfikmdxUsugrnRUPw06zMsZ4E1bypU9meoQKmfbJ6ZFOC31MF2wnHmSS6exX350oFio nAGe9OFbFMIrNk4Q909cIUN3iC0HQxQ8XKvTv8U04oW23sbjH0HrSxjeaEXnAi37BRfgPYiYrTdb ijfHbad13IZp31vi71LC1VP0IJwSsO3LWoi+Lfm6JZVQ2UA7Y7YvTSPWfBUf2gJilq3p3xMgZ1oF xOrpjK1mzHEl4hxXBLBQFfcBSNq8KOQpztRLtabS9O9BFf9eBlFTLrfcabdyy+JMuaD2Nqq4sTL3 HtnBHFcU32GPPVB6sEUOCJvjHl3i/XCaSNrADnv8kGeKYZmdOxssBPiOy6sx2RVXFmzBXO0f8C+S JHnV7yEAAAAldEVYdGRhdGU6Y3JlYXRlADIwMTctMTEtMjdUMTI6NTA6NTUrMDA6MDASPGufAAAA JXRFWHRkYXRlOm1vZGlmeQAyMDE3LTExLTI3VDEyOjUwOjU1KzAwOjAwY2HTIwAAAABJRU5ErkJg gg== \" id=\""+id+"\" x=\""+x+"\" y=\""+y+"\" transform=\"scale(1,-1)\" selectable=\"true\"/>";
                                        var result1 =  '<g><rect style="fill:#f2f2f2;fill-rule:evenodd;stroke:#000000;stroke-width:0.298798;stroke-opacity:1" id="test1" width="269.30322" height="180.38937" x="9.2584276" y="-195.63521" transform="scale(1,-1)" /></g>';
                                        
                                        var xmlElement = new XML(result1);
                                        //result = xmlElement;
                                        //var params = {
                                        //	proxyScheme: undefined /* STRING */,
                                        //	headers: undefined /* JSON */,
                                        //	ignoreSSLErrors: undefined /* BOOLEAN */,
                                        //	useNTLM: undefined /* BOOLEAN */,
                                        //	workstation: undefined /* STRING */,
                                        //	useProxy: undefined /* BOOLEAN */,
                                        //	withCookies: undefined /* BOOLEAN */,
                                        //	proxyHost: undefined /* STRING */,
                                        //	url: "http://inblriotcoevm1.corp.capgemini.com/Thingworx/FileRepositories/svgfilerepothing/svgFiles/geoloc_indoor_map2.xml" /* STRING */,
                                        //	content: xmlElement /* XML */,
                                        //	timeout: undefined /* NUMBER */,
                                        //	proxyPort: undefined /* INTEGER */,
                                        //	password: "Capgemini@1234" /* STRING */,
                                        //	domain: undefined /* STRING */,
                                        //	username: "Vidya" /* STRING */
                                        //};
                                        //
                                        //// result: XML
                                        //var result = Resources["ContentLoaderFunctions"].PostXML(params);
                                        
                                        
                                        Things["svgfilerepothing"].SaveXML({
                                        	path: "/svgFiles/geoloc_indoor_map2.svg" /* STRING */,
                                        	content: xmlElement /* XML */
                                        });
                                        
                                        //// Content: XML
                                        //var Content = Things["svgfilerepothing"].LoadXML({
                                        //	path: "/svgFiles/geoloc_indoor_map2.svg" /* STRING */
                                        //});
                                        //
                                        //var data;
                                        //for(var tagInfo in Content.svg){
                                        //    logger.info("XML Content : "+tagInfo.g.rect.toXML());
                                        //    result = tagInfo;
                                        //}
                                        ////result = data;
                                        ]]>
                                        </code>
                                    </Row>
                                </Rows>
                            </ConfigurationTable>
                        </ConfigurationTables>
                    </ServiceImplementation>
                    <ServiceImplementation
                     description=""
                     handlerName="Script"
                     name="CreateQuppaThing">
                        <ConfigurationTables>
                            <ConfigurationTable
                             dataShapeName=""
                             description=""
                             isMultiRow="false"
                             name="Script"
                             ordinal="0">
                                <DataShape>
                                    <FieldDefinitions>
                                        <FieldDefinition
                                         baseType="STRING"
                                         description="code"
                                         name="code"
                                         ordinal="0"></FieldDefinition>
                                    </FieldDefinitions>
                                </DataShape>
                                <Rows>
                                    <Row>
                                        <code>
                                        <![CDATA[
                                        var thingName = "DA_Quppa_Thing_" + Math.floor(Math.random() * 100) + 1;
                                        var params = {
                                        	maxItems: 500 /* NUMBER */ ,
                                        	nameMask: thingName /* STRING */ ,
                                        	type: 'Thing' /* STRING */ ,
                                        	tags: undefined /* TAGS */
                                        };
                                        // result: INFOTABLE dataShape: RootEntityList
                                        var thingDetails = Resources["EntityServices"].GetEntityList(params);
                                        var NameOfThing;
                                        if (thingDetails.rows.length > 0 && thingDetails.rows.length == 1) {
                                        	NameOfThing = thingDetails.rows[0].name;
                                        }
                                        if (NameOfThing != thingName) {
                                        	params = {
                                        		name: thingName /* STRING */ ,
                                        		description: undefined /* STRING */ ,
                                        		thingTemplateName: "RemoteThing" /* THINGTEMPLATENAME */ ,
                                        		tags: "DassaultAviation:Geolocation" /* TAGS */
                                        	};
                                        
                                        	//no return
                                        	Resources["EntityServices"].CreateThing(params);
                                        	Things[thingName].EnableThing();
                                        
                                        	var params1 = {
                                        		name: thingName /* THINGNAME */ ,
                                        		thingShapeName: "IndustrialThingShape" /* THINGSHAPENAME */
                                        	};
                                        
                                        	// no return
                                        	Resources["EntityServices"].AddShapeToThing(params1);
                                            var params2 = {
                                        		name: thingName /* THINGNAME */ ,
                                        		thingShapeName: "DA_Quppa_ThingShape" /* THINGSHAPENAME */
                                        	};
                                        
                                        	// no return
                                        	Resources["EntityServices"].AddShapeToThing(params2);
                                        	Things[thingName].SetValueStream({
                                        		name: "DA_Quppa_ValueStream" /* THINGNAME */
                                        	});
                                        	Things[thingName].RestartThing();
                                            //Things[thingName].IndustrialThing = Things["DA_Kepware.T"];
                                        	result = thingName;
                                        } else if (NameOfThing == thingName) {
                                        	var newThingName = me.CreateQuppaThing();
                                        	// result: THINGNAME
                                        	result = newThingName;
                                        }
                                        ]]>
                                        </code>
                                    </Row>
                                </Rows>
                            </ConfigurationTable>
                        </ConfigurationTables>
                    </ServiceImplementation>
                    <ServiceImplementation
                     description=""
                     handlerName="Script"
                     name="GenerateOverrideInfo">
                        <ConfigurationTables>
                            <ConfigurationTable
                             dataShapeName=""
                             description=""
                             isMultiRow="false"
                             name="Script"
                             ordinal="0">
                                <DataShape>
                                    <FieldDefinitions>
                                        <FieldDefinition
                                         baseType="STRING"
                                         description="code"
                                         name="code"
                                         ordinal="0"></FieldDefinition>
                                    </FieldDefinitions>
                                </DataShape>
                                <Rows>
                                    <Row>
                                        <code>
                                        <![CDATA[
                                        var params = {
                                        	infoTableName: "InfoTable",
                                        	dataShapeName: "DA_SVGOverride_DS"
                                        };
                                        
                                        // CreateInfoTableFromDataShape(infoTableName:STRING("InfoTable"), dataShapeName:STRING):INFOTABLE(DA_SVGOverride_DS)
                                        var overrideInfo = Resources["InfoTableFunctions"].CreateInfoTableFromDataShape(params);
                                        var locationInfo = location.split(",");
                                        
                                        var data = new Object();
                                        //data.elementName = imageId;
                                        //data.x = locationInfo[0];
                                        //data.y = locationInfo[1];
                                        //overrideInfo.AddRow(data);
                                        
                                        //if (connectionStatus) {
                                            var dataCircle = new Object();
                                        	dataCircle.elementName = textId;
                                        	dataCircle.cx = locationInfo[0];
                                        	dataCircle.cy = locationInfo[1];
                                        	dataCircle.fill = "#0000ff";
                                        	
                                        	overrideInfo.AddRow(dataCircle);
                                        //}
                                        result = overrideInfo;
                                        ]]>
                                        </code>
                                    </Row>
                                </Rows>
                            </ConfigurationTable>
                        </ConfigurationTables>
                    </ServiceImplementation>
                    <ServiceImplementation
                     description=""
                     handlerName="Script"
                     name="GetCircleElementInfo">
                        <ConfigurationTables>
                            <ConfigurationTable
                             dataShapeName=""
                             description=""
                             isMultiRow="false"
                             name="Script"
                             ordinal="0">
                                <DataShape>
                                    <FieldDefinitions>
                                        <FieldDefinition
                                         baseType="STRING"
                                         description="code"
                                         name="code"
                                         ordinal="0"></FieldDefinition>
                                    </FieldDefinitions>
                                </DataShape>
                                <Rows>
                                    <Row>
                                        <code>
                                        <![CDATA[
                                        // result: INFOTABLE dataShape: "DA_SVGElementID_DS"
                                        var circleIdList = me.GetSVGElementCircleIdList();
                                        var length = circleIdList.rows.length;
                                        var index = Math.floor(Math.random()*length-1)+1; 
                                        
                                        var result = circleIdList.rows[index].circleId;
                                        ]]>
                                        </code>
                                    </Row>
                                </Rows>
                            </ConfigurationTable>
                        </ConfigurationTables>
                    </ServiceImplementation>
                    <ServiceImplementation
                     description=""
                     handlerName="Script"
                     name="GetDataFromSvg">
                        <ConfigurationTables>
                            <ConfigurationTable
                             dataShapeName=""
                             description=""
                             isMultiRow="false"
                             name="Script"
                             ordinal="0">
                                <DataShape>
                                    <FieldDefinitions>
                                        <FieldDefinition
                                         baseType="STRING"
                                         description="code"
                                         name="code"
                                         ordinal="0"></FieldDefinition>
                                    </FieldDefinitions>
                                </DataShape>
                                <Rows>
                                    <Row>
                                        <code>
                                        <![CDATA[
                                        // Result: INFOTABLE dataShape: "GeoLoc"
                                        var par = Things["SVGThing"].GetDataFromXML({
                                        	FileName: "geoloc_indoor_map.xml" /* STRING */,
                                        	ThingName: "SVGThing" /* STRING */
                                        });
                                        var result=par.width;
                                        ]]>
                                        </code>
                                    </Row>
                                </Rows>
                            </ConfigurationTable>
                        </ConfigurationTables>
                    </ServiceImplementation>
                    <ServiceImplementation
                     description=""
                     handlerName="Script"
                     name="GetMapDetails">
                        <ConfigurationTables>
                            <ConfigurationTable
                             dataShapeName=""
                             description=""
                             isMultiRow="false"
                             name="Script"
                             ordinal="0">
                                <DataShape>
                                    <FieldDefinitions>
                                        <FieldDefinition
                                         baseType="STRING"
                                         description="code"
                                         name="code"
                                         ordinal="0"></FieldDefinition>
                                    </FieldDefinitions>
                                </DataShape>
                                <Rows>
                                    <Row>
                                        <code>
                                        <![CDATA[
                                        // Provide your filter using the format as described in the help topic "Query Parameter for Query Services"
                                        var query = {
                                         "filters": {
                                           "type": "EQ",
                                           "fieldName": "tagName",
                                           "value": TagName
                                         }
                                        };
                                        // result: INFOTABLE dataShape: ""
                                        var result = Things["DA_GeoLocalizationOverriding_DT"].QueryDataTableEntries({
                                        	maxItems: undefined /* NUMBER */,
                                        	values: undefined /* INFOTABLE */,
                                        	query: query /* QUERY */,
                                        	source: undefined /* STRING */,
                                        	tags: undefined /* TAGS */
                                        });
                                        ]]>
                                        </code>
                                    </Row>
                                </Rows>
                            </ConfigurationTable>
                        </ConfigurationTables>
                    </ServiceImplementation>
                    <ServiceImplementation
                     description=""
                     handlerName="Script"
                     name="GetOverrideInfo">
                        <ConfigurationTables>
                            <ConfigurationTable
                             dataShapeName=""
                             description=""
                             isMultiRow="false"
                             name="Script"
                             ordinal="0">
                                <DataShape>
                                    <FieldDefinitions>
                                        <FieldDefinition
                                         baseType="STRING"
                                         description="code"
                                         name="code"
                                         ordinal="0"></FieldDefinition>
                                    </FieldDefinitions>
                                </DataShape>
                                <Rows>
                                    <Row>
                                        <code>
                                        <![CDATA[
                                        result = overrideInfo;
                                        ]]>
                                        </code>
                                    </Row>
                                </Rows>
                            </ConfigurationTable>
                        </ConfigurationTables>
                    </ServiceImplementation>
                    <ServiceImplementation
                     description=""
                     handlerName="Script"
                     name="GetOverridingDetails">
                        <ConfigurationTables>
                            <ConfigurationTable
                             dataShapeName=""
                             description=""
                             isMultiRow="false"
                             name="Script"
                             ordinal="0">
                                <DataShape>
                                    <FieldDefinitions>
                                        <FieldDefinition
                                         baseType="STRING"
                                         description="code"
                                         name="code"
                                         ordinal="0"></FieldDefinition>
                                    </FieldDefinitions>
                                </DataShape>
                                <Rows>
                                    <Row>
                                        <code>
                                        <![CDATA[
                                        var params1 = {
                                        	infoTableName: "InfoTable",
                                        	dataShapeName: "DA_SVGOverrideGeneric_DS"
                                        };
                                        
                                        // CreateInfoTableFromDataShape(infoTableName:STRING("InfoTable"), dataShapeName:STRING):INFOTABLE(DA_SVGOverrideGeneric_DS)
                                        var SVGOverrideGenericInfoTable = Resources["InfoTableFunctions"].CreateInfoTableFromDataShape(params1);
                                        
                                        var params2 = {
                                            infoTableName : "InfoTable",
                                            dataShapeName : "DA_SVGOverride_DS"
                                        };
                                        
                                        // CreateInfoTableFromDataShape(infoTableName:STRING("InfoTable"), dataShapeName:STRING):INFOTABLE(DA_SVGOverride_DS)
                                        var SVGOverrideInfoTable = Resources["InfoTableFunctions"].CreateInfoTableFromDataShape(params2);
                                        
                                        var location = Things["QPE3"].QPEChannel_Device1_Block_1_location;
                                        var locationInfo = location.split(",");
                                        
                                        // result: INFOTABLE dataShape: ""
                                        var lastLocationDetails = Things["DA_GeoLocalizationOverriding_DT"].GetDataTableEntryByKey({
                                        	key: "LastRecord" /* STRING */
                                        });
                                        var lenImage = 210; 
                                        var widImage = 297;
                                        var lenActual = 32.49;
                                        var widActual = 47.99;
                                        var xPlot;
                                        var yPlot;
                                        var xMin=34.840717;
                                        var xMax=252.838417;
                                        var yMin=42;
                                        var yMax=100.521301;
                                        var svgTagId;
                                        if (locationInfo[0] != lastLocationDetails.rows[0].x || locationInfo[1] != lastLocationDetails.rows[0].y) {
                                        	// result: STRING
                                        	svgTagId = me.GetCircleElementInfo();
                                        	
                                        	var params = {
                                        		infoTableName: "InfoTable",
                                        		dataShapeName: "DA_GeoLocalizationOverriding_DS"
                                        	};
                                        
                                        	// CreateInfoTableFromDataShape(infoTableName:STRING("InfoTable"), dataShapeName:STRING):INFOTABLE(DA_GeoLocalizationOverriding_DS)
                                        	var geoLocalizationOverridingInfoTable = Resources["InfoTableFunctions"].CreateInfoTableFromDataShape(params);
                                            xPlot = (locationInfo[0]* widImage) / widActual;
                                            yPlot = lenImage - ((locationInfo[1] * lenImage) / lenActual);
                                        	var data = new Object();
                                            data.x =xPlot;
                                        	data.y =yPlot;
                                        	data.tagName = svgTagId;
                                        	geoLocalizationOverridingInfoTable.AddRow(data);
                                        	data.tagName = "LastRecord";
                                            geoLocalizationOverridingInfoTable.AddRow(data);
                                        
                                        	Things["DA_GeoLocalizationOverriding_DT"].UpdateDataTableEntries({
                                        		sourceType: undefined /* STRING */ ,
                                        		values: geoLocalizationOverridingInfoTable /* INFOTABLE */ ,
                                        		location: undefined /* LOCATION */ ,
                                        		source: undefined /* STRING */ ,
                                        		tags: undefined /* TAGS */
                                        	});
                                        }
                                        // result: INFOTABLE dataShape: ""
                                        var overridingData = Things["DA_GeoLocalizationOverriding_DT"].GetDataTableEntries({
                                        	maxItems: undefined /* NUMBER */
                                        });
                                        
                                        for(var i=0;i < overridingData.rows.length; i++){
                                            var temp = new Object();
                                            var row = overridingData.rows[i];
                                            temp.elementName = row.tagName;
                                            temp.cx = row.x;
                                            temp.cy = row.y;
                                            	if (xMin <= temp.cx && xMax >=temp.cx) {
                                            		if (yMin <= temp.cy && yMax >= temp.cy) {
                                            			temp.fill = "#0000ff";
                                            		} else {
                                            			temp.fill = "#ff0000";
                                            		}
                                            	}
                                            	logger.info("svgTagId : " + svgTagId);
                                            	logger.info("tagName : " + row.tagName);
                                            	SVGOverrideInfoTable.AddRow(temp);
                                            	}
                                        //    if(svgTagId == row.tagName){
                                        //        temp.fill = "#0000ff";
                                        //    }
                                            
                                           //temp.fill = 
                                        var newEntry = new Object();
                                        newEntry.overrideInfo = SVGOverrideInfoTable;
                                        newEntry.name = "QPE3";
                                        SVGOverrideGenericInfoTable.AddRow(newEntry);
                                        var result = SVGOverrideGenericInfoTable;
                                        ]]>
                                        </code>
                                    </Row>
                                </Rows>
                            </ConfigurationTable>
                        </ConfigurationTables>
                    </ServiceImplementation>
                    <ServiceImplementation
                     description=""
                     handlerName="Script"
                     name="GetOverridingDetailsCopy">
                        <ConfigurationTables>
                            <ConfigurationTable
                             dataShapeName=""
                             description=""
                             isMultiRow="false"
                             name="Script"
                             ordinal="0">
                                <DataShape>
                                    <FieldDefinitions>
                                        <FieldDefinition
                                         baseType="STRING"
                                         description="code"
                                         name="code"
                                         ordinal="0"></FieldDefinition>
                                    </FieldDefinitions>
                                </DataShape>
                                <Rows>
                                    <Row>
                                        <code>
                                        <![CDATA[
                                        var params1 = {
                                        	infoTableName: "InfoTable",
                                        	dataShapeName: "DA_SVGOverrideGeneric_DS"
                                        };
                                        
                                        // CreateInfoTableFromDataShape(infoTableName:STRING("InfoTable"), dataShapeName:STRING):INFOTABLE(DA_SVGOverrideGeneric_DS)
                                        var SVGOverrideGenericInfoTable = Resources["InfoTableFunctions"].CreateInfoTableFromDataShape(params1);
                                        
                                        var params2 = {
                                            infoTableName : "InfoTable",
                                            dataShapeName : "DA_SVGOverride_DS"
                                        };
                                        
                                        // CreateInfoTableFromDataShape(infoTableName:STRING("InfoTable"), dataShapeName:STRING):INFOTABLE(DA_SVGOverride_DS)
                                        var SVGOverrideInfoTable = Resources["InfoTableFunctions"].CreateInfoTableFromDataShape(params2);
                                        
                                        var location = Things["QPE3"].QPEChannel_Device1_Block_1_location;
                                        var locationInfo = location.split(",");
                                        
                                        // result: INFOTABLE dataShape: ""
                                        var lastLocationDetails = Things["DA_GeoLocalizationOverriding_DT"].GetDataTableEntryByKey({
                                        	key: "LastRecord" /* STRING */
                                        });
                                        
                                        // Result: INFOTABLE dataShape: "GeoLoc"
                                        var svgData = Things["SVGThing"].GetDataFromXML({
                                        	FileName: "geoloc_indoor_map.xml" /* STRING */,
                                        	ThingName: "SVGThing" /* STRING */
                                        });
                                        var lenImage = svgData.height; 
                                        var widImage = svgData.width;
                                        var lenActual = 32.49;
                                        var widActual = 47.99;
                                        var xPlot;
                                        var yPlot;
                                        var xMin=34.840717;
                                        var xMax=252.838417;
                                        var yMin=42;
                                        var yMax=100.521301;
                                        var svgTagId;
                                        if (locationInfo[0] != lastLocationDetails.rows[0].x || locationInfo[1] != lastLocationDetails.rows[0].y) {
                                        	// result: STRING
                                        	svgTagId = me.GetCircleElementInfo();
                                        	
                                        	var params = {
                                        		infoTableName: "InfoTable",
                                        		dataShapeName: "DA_GeoLocalizationOverriding_DS"
                                        	};
                                        
                                        	// CreateInfoTableFromDataShape(infoTableName:STRING("InfoTable"), dataShapeName:STRING):INFOTABLE(DA_GeoLocalizationOverriding_DS)
                                        	var geoLocalizationOverridingInfoTable = Resources["InfoTableFunctions"].CreateInfoTableFromDataShape(params);
                                            xPlot = (locationInfo[0]* widImage) / widActual;
                                            yPlot = lenImage - ((locationInfo[1] * lenImage) / lenActual);
                                        	var data = new Object();
                                            data.x =xPlot;
                                        	data.y =yPlot;
                                        	data.tagName = svgTagId;
                                        	geoLocalizationOverridingInfoTable.AddRow(data);
                                        	data.tagName = "LastRecord";
                                            geoLocalizationOverridingInfoTable.AddRow(data);
                                        
                                        	Things["DA_GeoLocalizationOverriding_DT"].UpdateDataTableEntries({
                                        		sourceType: undefined /* STRING */ ,
                                        		values: geoLocalizationOverridingInfoTable /* INFOTABLE */ ,
                                        		location: undefined /* LOCATION */ ,
                                        		source: undefined /* STRING */ ,
                                        		tags: undefined /* TAGS */
                                        	});
                                        }
                                        // result: INFOTABLE dataShape: ""
                                        var overridingData = Things["DA_GeoLocalizationOverriding_DT"].GetDataTableEntries({
                                        	maxItems: undefined /* NUMBER */
                                        });
                                        
                                        for(var i=0;i < overridingData.rows.length; i++){
                                            var temp = new Object();
                                            var row = overridingData.rows[i];
                                            temp.elementName = row.tagName;
                                            temp.cx = row.x;
                                            temp.cy = row.y;
                                            	if (xMin <= temp.cx && xMax >=temp.cx) {
                                            		if (yMin <= temp.cy && yMax >= temp.cy) {
                                            			temp.fill = "#0000ff";
                                            		} else {
                                            			temp.fill = "#ff0000";
                                            		}
                                            	}
                                            	logger.info("svgTagId : " + svgTagId);
                                            	logger.info("tagName : " + row.tagName);
                                            	SVGOverrideInfoTable.AddRow(temp);
                                            	}
                                        //    if(svgTagId == row.tagName){
                                        //        temp.fill = "#0000ff";
                                        //    }
                                            
                                           //temp.fill = 
                                        var newEntry = new Object();
                                        newEntry.overrideInfo = SVGOverrideInfoTable;
                                        newEntry.name = "QPE3";
                                        SVGOverrideGenericInfoTable.AddRow(newEntry);
                                        var result = SVGOverrideGenericInfoTable;
                                        ]]>
                                        </code>
                                    </Row>
                                </Rows>
                            </ConfigurationTable>
                        </ConfigurationTables>
                    </ServiceImplementation>
                    <ServiceImplementation
                     description=""
                     handlerName="Script"
                     name="GetPointOnSVG">
                        <ConfigurationTables>
                            <ConfigurationTable
                             dataShapeName=""
                             description=""
                             isMultiRow="false"
                             name="Script"
                             ordinal="0">
                                <DataShape>
                                    <FieldDefinitions>
                                        <FieldDefinition
                                         baseType="STRING"
                                         description="code"
                                         name="code"
                                         ordinal="0"></FieldDefinition>
                                    </FieldDefinitions>
                                </DataShape>
                                <Rows>
                                    <Row>
                                        <code>
                                        <![CDATA[
                                        var params = {
                                        	infoTableName: "InfoTable",
                                        	dataShapeName: "DA_SVGOverride_DS"
                                        };
                                        
                                        // CreateInfoTableFromDataShape(infoTableName:STRING("InfoTable"), dataShapeName:STRING):INFOTABLE(DA_SVGOverride_DS)
                                        var overrideColor = Resources["InfoTableFunctions"].CreateInfoTableFromDataShape(params);
                                        // Provide your filter using the format as described in the help topic "Query Parameter for Query Services"
                                        var query = {
                                         "filters": {
                                           "type": "EQ",
                                           "fieldName": "tagName",
                                           "value": TagName
                                         }
                                        };
                                        // result: INFOTABLE dataShape: ""
                                        var tagInfo = Things["DA_GeoLocalizationOverriding_DT"].QueryDataTableEntries({
                                        	maxItems: undefined /* NUMBER */,
                                        	values: undefined /* INFOTABLE */,
                                        	query: query /* QUERY */,
                                        	source: undefined /* STRING */,
                                        	tags: undefined /* TAGS */
                                        });
                                        
                                        
                                        var data = new Object();
                                        data.fill="#6fff00";
                                        data.stroke = "#6fff00";	
                                        data.cx= tagInfo.rows[0].x;
                                        data.cy = tagInfo.rows[0].y;
                                        data.elementName = tagInfo.rows[0].tagName;
                                        overrideColor.AddRow(data);
                                        var params2 = {
                                            infoTableName : "InfoTable",
                                            dataShapeName : "DA_SVGOverrideGeneric_DS"
                                        };
                                        
                                        // CreateInfoTableFromDataShape(infoTableName:STRING("InfoTable"), dataShapeName:STRING):INFOTABLE(DA_SVGOverrideGeneric_DS)
                                        var overrideGenericInfo = Resources["InfoTableFunctions"].CreateInfoTableFromDataShape(params2);
                                        var details = new Object();
                                        details.overrideInfo = overrideColor;
                                        details.name = "test";
                                        overrideGenericInfo.AddRow(details);
                                        var result =  overrideGenericInfo;
                                        ]]>
                                        </code>
                                    </Row>
                                </Rows>
                            </ConfigurationTable>
                        </ConfigurationTables>
                    </ServiceImplementation>
                    <ServiceImplementation
                     description=""
                     handlerName="Script"
                     name="GetQuppaTagList">
                        <ConfigurationTables>
                            <ConfigurationTable
                             dataShapeName=""
                             description=""
                             isMultiRow="false"
                             name="Script"
                             ordinal="0">
                                <DataShape>
                                    <FieldDefinitions>
                                        <FieldDefinition
                                         baseType="STRING"
                                         description="code"
                                         name="code"
                                         ordinal="0"></FieldDefinition>
                                    </FieldDefinitions>
                                </DataShape>
                                <Rows>
                                    <Row>
                                        <code>
                                        <![CDATA[
                                        // result: INFOTABLE dataShape: "RootEntityList"
                                        var result = ThingShapes["DA_Quppa_ThingShape"].GetImplementingThingsWithData();
                                        ]]>
                                        </code>
                                    </Row>
                                </Rows>
                            </ConfigurationTable>
                        </ConfigurationTables>
                    </ServiceImplementation>
                    <ServiceImplementation
                     description=""
                     handlerName="Script"
                     name="GetSVGElementCircleIdList">
                        <ConfigurationTables>
                            <ConfigurationTable
                             dataShapeName=""
                             description=""
                             isMultiRow="false"
                             name="Script"
                             ordinal="0">
                                <DataShape>
                                    <FieldDefinitions>
                                        <FieldDefinition
                                         baseType="STRING"
                                         description="code"
                                         name="code"
                                         ordinal="0"></FieldDefinition>
                                    </FieldDefinitions>
                                </DataShape>
                                <Rows>
                                    <Row>
                                        <code>
                                        <![CDATA[
                                        var params = {
                                            infoTableName : "InfoTable",
                                            dataShapeName : "DA_SVGElementID_DS"
                                        };
                                        
                                        // CreateInfoTableFromDataShape(infoTableName:STRING("InfoTable"), dataShapeName:STRING):INFOTABLE(DA_SVGElementID_DS)
                                        var elementIdList = Resources["InfoTableFunctions"].CreateInfoTableFromDataShape(params);
                                        
                                        var data = new Object();
                                        data.circleId = "CPoint144-3-6";
                                        elementIdList.AddRow(data);
                                        data.circleId = "CPoint144-3-7";
                                        elementIdList.AddRow(data);
                                        data.circleId = "CPoint144-3";
                                        elementIdList.AddRow(data);
                                        data.circleId = "CPoint144";
                                        elementIdList.AddRow(data);
                                        
                                        var result = elementIdList;
                                        ]]>
                                        </code>
                                    </Row>
                                </Rows>
                            </ConfigurationTable>
                        </ConfigurationTables>
                    </ServiceImplementation>
                    <ServiceImplementation
                     description=""
                     handlerName="Script"
                     name="MapGridDetails">
                        <ConfigurationTables>
                            <ConfigurationTable
                             dataShapeName=""
                             description=""
                             isMultiRow="false"
                             name="Script"
                             ordinal="0">
                                <DataShape>
                                    <FieldDefinitions>
                                        <FieldDefinition
                                         baseType="STRING"
                                         description="code"
                                         name="code"
                                         ordinal="0"></FieldDefinition>
                                    </FieldDefinitions>
                                </DataShape>
                                <Rows>
                                    <Row>
                                        <code>
                                        <![CDATA[
                                        // result: INFOTABLE dataShape: ""
                                        var result1 = Things["DA_GeoLocalizationOverriding_DT"].GetDataTableEntries({
                                        	maxItems: undefined /* NUMBER */
                                        });
                                        var params = {
                                            infoTableName : "InfoTable",
                                            dataShapeName : "DA_GeoLocalizationOverriding_DS"
                                        };
                                        
                                        // CreateInfoTableFromDataShape(infoTableName:STRING("InfoTable"), dataShapeName:STRING):INFOTABLE(DA_GeoLocalizationOverriding_DS)
                                        var pointDetails = Resources["InfoTableFunctions"].CreateInfoTableFromDataShape(params);
                                        var data=new Object();
                                        var rows;
                                        for (var i=0; i < result1.rows.length; i++) {
                                            if("LastRecord" !=result1.rows[i].tagName){
                                           // if (tagValue!==result1.tagName){
                                                 data.tagName = result1.rows[i].tagName;
                                                 data.name = result1.rows[i].name;
                                                 data.x = result1.rows[i].x;
                                                 data.y = result1.rows[i].y;
                                                 pointDetails.AddRow(data);
                                            }
                                        }
                                        var sort = new Object();
                                        sort.name = "name";
                                        sort.ascending = true;
                                        pointDetails.Sort(sort);
                                        
                                        var result=pointDetails;
                                        ]]>
                                        </code>
                                    </Row>
                                </Rows>
                            </ConfigurationTable>
                        </ConfigurationTables>
                    </ServiceImplementation>
                    <ServiceImplementation
                     description=""
                     handlerName="Script"
                     name="UpdateGenericInfo">
                        <ConfigurationTables>
                            <ConfigurationTable
                             dataShapeName=""
                             description=""
                             isMultiRow="false"
                             name="Script"
                             ordinal="0">
                                <DataShape>
                                    <FieldDefinitions>
                                        <FieldDefinition
                                         baseType="STRING"
                                         description="code"
                                         name="code"
                                         ordinal="0"></FieldDefinition>
                                    </FieldDefinitions>
                                </DataShape>
                                <Rows>
                                    <Row>
                                        <code>
                                        <![CDATA[
                                        var params = {
                                        	infoTableName: "InfoTable",
                                        	dataShapeName: "DA_SVGOverrideGeneric_DS"
                                        };
                                        
                                        //CreateInfoTableFromDataShape(infoTableName:STRING("InfoTable"), dataShapeName:STRING):INFOTABLE(DA_SVGOverrideGeneric_DS)
                                        var genericInfo = Resources["InfoTableFunctions"].CreateInfoTableFromDataShape(params);
                                        var location = Things["QPE3"].QPEChannel_Device1_Block_1_location;
                                        // result: STRING
                                        var circleElementId = me.GetCircleElementInfo();
                                        
                                        // result: INFOTABLE dataShape: "DA_SVGOverride_DS"
                                        var overrideData = me.GenerateOverrideInfo({
                                        	textId: circleElementId /* STRING */ ,
                                        	//	imageId: undefined /* STRING */,
                                        	//	connectionStatus: undefined /* BOOLEAN */,
                                        	location: location /* STRING */
                                        });
                                        
                                        var data = new Object();
                                        data.name = "QPE3";
                                        data.overrideInfo = overrideData;
                                        genericInfo.AddRow(data);
                                        
                                        var result = genericInfo;
                                        //
                                        //// result: INFOTABLE dataShape: "DA_QuppaDetails_DS"
                                        //var quppaList = me.GetQuppaTagList();
                                        //for (var i = 0; i < quppaList.rows.length; i++) {
                                        //    var thingName = quppaList.rows[i].name;
                                        //	var location = Things[thingName].location;
                                        //	//var imgId = Things[thingName].elementName;
                                        //    var textId = Things[thingName].elementCircleId;
                                        //    //var connectionStatus = Things[thingName].isConnected;
                                        //	// result: INFOTABLE dataShape: "DA_SVGOverride_DS"
                                        //var overrideData = me.GenerateOverrideInfo({
                                        //	location: location /* STRING */,
                                        //	textId: textId /* STRING */,
                                        //	//imageId: imgId /* STRING */,
                                        //	//connectionStatus: connectionStatus /* BOOLEAN */
                                        //});
                                        //   	var data = new Object();
                                        //	data.name = thingName;
                                        //	data.overrideInfo = overrideData;
                                        //
                                        //	genericInfo.AddRow(data);
                                        //}
                                        //var result = genericInfo;
                                        ]]>
                                        </code>
                                    </Row>
                                </Rows>
                            </ConfigurationTable>
                        </ConfigurationTables>
                    </ServiceImplementation>
                </ServiceImplementations>
                <Subscriptions></Subscriptions>
            </ThingShape>
            <PropertyBindings></PropertyBindings>
            <RemotePropertyBindings></RemotePropertyBindings>
            <RemoteServiceBindings></RemoteServiceBindings>
            <RemoteEventBindings></RemoteEventBindings>
            <AlertConfigurations></AlertConfigurations>
            <ImplementedShapes></ImplementedShapes>
            <ThingProperties></ThingProperties>
        </Thing>
    </Things>
</Entities>
