<?xml version="1.0" encoding="UTF-8"?>
<Entities
 majorVersion="9"
 minorVersion="2"
 universal="">
    <Things>
        <Thing
         description=""
         documentationContent=""
         effectiveThingPackage="ConfiguredThing"
         enabled="true"
         homeMashup=""
         identifier=""
         inheritedValueStream=""
         name="DM.DeploymentManager"
         projectName="DassaultAviationPoC"
         published="false"
         tags=""
         thingTemplate="GenericThing"
         valueStream="">
            <avatar></avatar>
            <DesignTimePermissions>
                <Create></Create>
                <Read></Read>
                <Update></Update>
                <Delete></Delete>
                <Metadata></Metadata>
            </DesignTimePermissions>
            <RunTimePermissions>
                <Permissions
                 resourceName="*">
                    <PropertyRead>
                        <Principal
                         isPermitted="true"
                         name="DigitalTwinUsers"
                         type="Group"></Principal>
                    </PropertyRead>
                    <PropertyWrite>
                        <Principal
                         isPermitted="true"
                         name="DigitalTwinUsers"
                         type="Group"></Principal>
                    </PropertyWrite>
                    <ServiceInvoke>
                        <Principal
                         isPermitted="true"
                         name="DigitalTwinUsers"
                         type="Group"></Principal>
                    </ServiceInvoke>
                    <EventInvoke>
                        <Principal
                         isPermitted="true"
                         name="DigitalTwinUsers"
                         type="Group"></Principal>
                    </EventInvoke>
                    <EventSubscribe>
                        <Principal
                         isPermitted="true"
                         name="DigitalTwinUsers"
                         type="Group"></Principal>
                    </EventSubscribe>
                </Permissions>
            </RunTimePermissions>
            <VisibilityPermissions>
                <Visibility>
                    <Principal
                     isPermitted="true"
                     name="DigitalTwinDevelopers"
                     type="Organization"></Principal>
                </Visibility>
            </VisibilityPermissions>
            <ConfigurationTableDefinitions></ConfigurationTableDefinitions>
            <ConfigurationTables></ConfigurationTables>
            <ThingShape>
                <PropertyDefinitions>
                    <PropertyDefinition
                     aspect.cacheTime="0.0"
                     aspect.dataChangeType="VALUE"
                     aspect.defaultValue="DevOpsAppKey"
                     aspect.isPersistent="true"
                     baseType="STRING"
                     category=""
                     description=""
                     isLocalOnly="false"
                     name="AppKey"
                     ordinal="8"></PropertyDefinition>
                    <PropertyDefinition
                     aspect.cacheTime="0.0"
                     aspect.dataChangeType="VALUE"
                     aspect.defaultValue="/entities"
                     aspect.isPersistent="true"
                     baseType="STRING"
                     category=""
                     description=""
                     isLocalOnly="false"
                     name="EntitiesPath"
                     ordinal="4"></PropertyDefinition>
                    <PropertyDefinition
                     aspect.cacheTime="0.0"
                     aspect.dataChangeType="VALUE"
                     aspect.dataShape="EntityList"
                     aspect.isPersistent="true"
                     baseType="INFOTABLE"
                     category=""
                     description=""
                     isLocalOnly="false"
                     name="Extensions"
                     ordinal="10"></PropertyDefinition>
                    <PropertyDefinition
                     aspect.cacheTime="0.0"
                     aspect.dataChangeType="VALUE"
                     aspect.defaultValue="/extensions"
                     aspect.isPersistent="true"
                     baseType="STRING"
                     category=""
                     description=""
                     isLocalOnly="false"
                     name="ExtensionsPath"
                     ordinal="3"></PropertyDefinition>
                    <PropertyDefinition
                     aspect.cacheTime="0.0"
                     aspect.dataChangeType="VALUE"
                     aspect.isPersistent="true"
                     baseType="THINGNAME"
                     category=""
                     description=""
                     isLocalOnly="false"
                     name="GitThingName"
                     ordinal="10"></PropertyDefinition>
                    <PropertyDefinition
                     aspect.cacheTime="0.0"
                     aspect.dataChangeType="VALUE"
                     aspect.defaultValue="/permissions"
                     aspect.isPersistent="true"
                     baseType="STRING"
                     category=""
                     description=""
                     isLocalOnly="false"
                     name="PermissionsPath"
                     ordinal="6"></PropertyDefinition>
                    <PropertyDefinition
                     aspect.cacheTime="0.0"
                     aspect.dataChangeType="VALUE"
                     aspect.defaultValue="MarsInterstellarShipyardProject"
                     aspect.isPersistent="true"
                     baseType="STRING"
                     category=""
                     description=""
                     isLocalOnly="false"
                     name="ProjectName"
                     ordinal="5"></PropertyDefinition>
                    <PropertyDefinition
                     aspect.cacheTime="0.0"
                     aspect.dataChangeType="VALUE"
                     aspect.defaultValue="/sysobj"
                     aspect.isPersistent="true"
                     baseType="STRING"
                     category=""
                     description=""
                     isLocalOnly="false"
                     name="SystemObjectsPath"
                     ordinal="7"></PropertyDefinition>
                    <PropertyDefinition
                     aspect.cacheTime="0.0"
                     aspect.dataChangeType="VALUE"
                     aspect.defaultValue="Applications:DevOps"
                     aspect.isPersistent="true"
                     baseType="STRING"
                     category=""
                     description=""
                     isLocalOnly="false"
                     name="TagSystemObjects"
                     ordinal="9"></PropertyDefinition>
                </PropertyDefinitions>
                <ServiceDefinitions>
                    <ServiceDefinition
                     aspect.isAsync="false"
                     category=""
                     description=""
                     isAllowOverride="false"
                     isLocalOnly="false"
                     isOpen="false"
                     isPrivate="false"
                     name="CleanExtensions">
                        <ResultType
                         baseType="NOTHING"
                         description=""
                         name="result"
                         ordinal="0"></ResultType>
                        <ParameterDefinitions></ParameterDefinitions>
                    </ServiceDefinition>
                    <ServiceDefinition
                     aspect.isAsync="false"
                     category=""
                     description=""
                     isAllowOverride="false"
                     isLocalOnly="false"
                     isOpen="false"
                     isPrivate="false"
                     name="ExportEntitiesToSourceControl">
                        <ResultType
                         baseType="NOTHING"
                         description=""
                         name="result"
                         ordinal="0"></ResultType>
                        <ParameterDefinitions>
                            <FieldDefinition
                             baseType="DATETIME"
                             description=""
                             name="start"
                             ordinal="1"></FieldDefinition>
                        </ParameterDefinitions>
                    </ServiceDefinition>
                    <ServiceDefinition
                     aspect.isAsync="false"
                     category=""
                     description=""
                     isAllowOverride="false"
                     isLocalOnly="false"
                     isOpen="false"
                     isPrivate="false"
                     name="ExportExtensions">
                        <ResultType
                         baseType="NOTHING"
                         description=""
                         name="result"
                         ordinal="0"></ResultType>
                        <ParameterDefinitions></ParameterDefinitions>
                    </ServiceDefinition>
                    <ServiceDefinition
                     aspect.isAsync="false"
                     category=""
                     description=""
                     isAllowOverride="false"
                     isLocalOnly="false"
                     isOpen="false"
                     isPrivate="false"
                     name="ExportSystemObjectsLocTables">
                        <ResultType
                         baseType="NOTHING"
                         description=""
                         name="result"
                         ordinal="0"></ResultType>
                        <ParameterDefinitions>
                            <FieldDefinition
                             aspect.defaultValue="http://localhost"
                             baseType="STRING"
                             description=""
                             name="host"
                             ordinal="1"></FieldDefinition>
                        </ParameterDefinitions>
                    </ServiceDefinition>
                    <ServiceDefinition
                     aspect.isAsync="false"
                     category=""
                     description=""
                     isAllowOverride="false"
                     isLocalOnly="false"
                     isOpen="false"
                     isPrivate="false"
                     name="ExportUserPermissions">
                        <ResultType
                         baseType="NOTHING"
                         description=""
                         name="result"
                         ordinal="0"></ResultType>
                        <ParameterDefinitions></ParameterDefinitions>
                    </ServiceDefinition>
                    <ServiceDefinition
                     aspect.isAsync="false"
                     category=""
                     description=""
                     isAllowOverride="false"
                     isLocalOnly="false"
                     isOpen="false"
                     isPrivate="false"
                     name="GetDeploymentRepository">
                        <ResultType
                         baseType="STRING"
                         description=""
                         name="result"
                         ordinal="0"></ResultType>
                        <ParameterDefinitions></ParameterDefinitions>
                    </ServiceDefinition>
                    <ServiceDefinition
                     aspect.isAsync="false"
                     category=""
                     description=""
                     isAllowOverride="false"
                     isLocalOnly="false"
                     isOpen="false"
                     isPrivate="false"
                     name="GetDeploymentRepositoryForImport">
                        <ResultType
                         baseType="STRING"
                         description=""
                         name="result"
                         ordinal="0"></ResultType>
                        <ParameterDefinitions></ParameterDefinitions>
                    </ServiceDefinition>
                    <ServiceDefinition
                     aspect.isAsync="false"
                     category=""
                     description=""
                     isAllowOverride="false"
                     isLocalOnly="false"
                     isOpen="false"
                     isPrivate="false"
                     name="ImportApplication">
                        <ResultType
                         baseType="STRING"
                         description=""
                         name="result"
                         ordinal="0"></ResultType>
                        <ParameterDefinitions>
                            <FieldDefinition
                             baseType="STRING"
                             description=""
                             name="host"
                             ordinal="1"></FieldDefinition>
                            <FieldDefinition
                             baseType="BOOLEAN"
                             description=""
                             name="installExtensions"
                             ordinal="2"></FieldDefinition>
                        </ParameterDefinitions>
                    </ServiceDefinition>
                    <ServiceDefinition
                     aspect.isAsync="false"
                     category=""
                     description=""
                     isAllowOverride="false"
                     isLocalOnly="false"
                     isOpen="false"
                     isPrivate="false"
                     name="ImportEntitiesFromSourceControl">
                        <ResultType
                         baseType="NOTHING"
                         description=""
                         name="result"
                         ordinal="0"></ResultType>
                        <ParameterDefinitions></ParameterDefinitions>
                    </ServiceDefinition>
                    <ServiceDefinition
                     aspect.isAsync="false"
                     category=""
                     description=""
                     isAllowOverride="false"
                     isLocalOnly="false"
                     isOpen="false"
                     isPrivate="false"
                     name="ImportSysObjects">
                        <ResultType
                         baseType="NOTHING"
                         description=""
                         name="result"
                         ordinal="0"></ResultType>
                        <ParameterDefinitions>
                            <FieldDefinition
                             baseType="STRING"
                             description=""
                             name="host"
                             ordinal="1"></FieldDefinition>
                        </ParameterDefinitions>
                    </ServiceDefinition>
                    <ServiceDefinition
                     aspect.isAsync="false"
                     category=""
                     description=""
                     isAllowOverride="false"
                     isLocalOnly="false"
                     isOpen="false"
                     isPrivate="false"
                     name="ImportUserPermissions">
                        <ResultType
                         baseType="NOTHING"
                         description=""
                         name="result"
                         ordinal="0"></ResultType>
                        <ParameterDefinitions></ParameterDefinitions>
                    </ServiceDefinition>
                    <ServiceDefinition
                     aspect.isAsync="false"
                     category=""
                     description=""
                     isAllowOverride="false"
                     isLocalOnly="false"
                     isOpen="false"
                     isPrivate="false"
                     name="InstallExtensionsFromRepository">
                        <ResultType
                         baseType="NOTHING"
                         description=""
                         name="result"
                         ordinal="0"></ResultType>
                        <ParameterDefinitions>
                            <FieldDefinition
                             baseType="STRING"
                             description=""
                             name="host"
                             ordinal="1"></FieldDefinition>
                        </ParameterDefinitions>
                    </ServiceDefinition>
                    <ServiceDefinition
                     aspect.isAsync="false"
                     category=""
                     description=""
                     isAllowOverride="false"
                     isLocalOnly="false"
                     isOpen="false"
                     isPrivate="false"
                     name="PackageApplication">
                        <ResultType
                         baseType="STRING"
                         description=""
                         name="result"
                         ordinal="0"></ResultType>
                        <ParameterDefinitions>
                            <FieldDefinition
                             baseType="BOOLEAN"
                             description=""
                             name="exportExtensions"
                             ordinal="2"></FieldDefinition>
                            <FieldDefinition
                             baseType="STRING"
                             description=""
                             name="message"
                             ordinal="3"></FieldDefinition>
                        </ParameterDefinitions>
                    </ServiceDefinition>
                </ServiceDefinitions>
                <EventDefinitions></EventDefinitions>
                <ServiceMappings></ServiceMappings>
                <ServiceImplementations>
                    <ServiceImplementation
                     description=""
                     handlerName="Script"
                     name="CleanExtensions">
                        <ConfigurationTables>
                            <ConfigurationTable
                             dataShapeName=""
                             description=""
                             isMultiRow="false"
                             name="Script"
                             ordinal="0">
                                <DataShape>
                                    <FieldDefinitions>
                                        <FieldDefinition
                                         baseType="STRING"
                                         description="code"
                                         name="code"
                                         ordinal="0"></FieldDefinition>
                                    </FieldDefinitions>
                                </DataShape>
                                <Rows>
                                    <Row>
                                        <code>
                                        <![CDATA[
                                        var deploymentRep = me.GetDeploymentRepository();
                                        var existingExtensions = Things[deploymentRep].GetFileListing({
                                            path: me.ExtensionsPath /* STRING */ ,
                                            nameMask: "*.zip" /* STRING */
                                        });
                                        var lengthUsedExt = me.Extensions.getRowCount();
                                        for each (var extension in existingExtensions.rows) {
                                            //This gets the filename of the extension, in the format of Autocomplete_1.0.37.0_MinTW6.0.1.zip
                                            var extensionFileName = extension.name;
                                            if (lengthUsedExt === 0) {
                                            //if the length is 0, do not remove any extension
                                            } else {
                                               var isExtensionFileAllowed = false;
                                                for (var y = 0; y < lengthUsedExt; y++) {
                                                    //this gets the name of the Permitted Extension in the format of Autocomplete
                                                    var permittedExtension = me.Extensions.rows[y].name;
                                                   //if the existing file on disk contains the name of the permitted file
                                                    if (extensionFileName.indexOf(permittedExtension) >= 0) {
                                                        isExtensionFileAllowed = true;
                                                    }
                                                }
                                                  if (isExtensionFileAllowed === false) {
                                               Things[deploymentRep].DeleteFile({
                                                            path: me.ExtensionsPath + "/" + extensionFileName /* STRING */
                                                        });
                                               }
                                            }
                                        }
                                        ]]>
                                        </code>
                                    </Row>
                                </Rows>
                            </ConfigurationTable>
                        </ConfigurationTables>
                    </ServiceImplementation>
                    <ServiceImplementation
                     description=""
                     handlerName="Script"
                     name="ExportEntitiesToSourceControl">
                        <ConfigurationTables>
                            <ConfigurationTable
                             dataShapeName=""
                             description=""
                             isMultiRow="false"
                             name="Script"
                             ordinal="0">
                                <DataShape>
                                    <FieldDefinitions>
                                        <FieldDefinition
                                         baseType="STRING"
                                         description="code"
                                         name="code"
                                         ordinal="0"></FieldDefinition>
                                    </FieldDefinitions>
                                </DataShape>
                                <Rows>
                                    <Row>
                                        <code>
                                        <![CDATA[
                                        var params = {
                                        	path: me.EntitiesPath /* STRING */,
                                        	endDate: new Date() /* DATETIME */,
                                        	includeDependents: true /* BOOLEAN */,
                                        	repositoryName: me.GetDeploymentRepository(),
                                        	projectName: me.ProjectName /* PROJECTNAME */,
                                        	startDate: start /* DATETIME */,
                                        };
                                        
                                        // no return
                                        Resources["SourceControlFunctions"].ExportSourceControlledEntities(params);
                                        ]]>
                                        </code>
                                    </Row>
                                </Rows>
                            </ConfigurationTable>
                        </ConfigurationTables>
                    </ServiceImplementation>
                    <ServiceImplementation
                     description=""
                     handlerName="Script"
                     name="ExportExtensions">
                        <ConfigurationTables>
                            <ConfigurationTable
                             dataShapeName=""
                             description=""
                             isMultiRow="false"
                             name="Script"
                             ordinal="0">
                                <DataShape>
                                    <FieldDefinitions>
                                        <FieldDefinition
                                         baseType="STRING"
                                         description="code"
                                         name="code"
                                         ordinal="0"></FieldDefinition>
                                    </FieldDefinitions>
                                </DataShape>
                                <Rows>
                                    <Row>
                                        <code>
                                        <![CDATA[
                                        // result: BOOLEAN
                                        var result =  Resources["ExtensionsExport"].ExportExtensionsToRepository({
                                        	repositoryPath: me.ExtensionsPath /* STRING */,
                                        	repositoryName: me.GetDeploymentRepository() /* THINGNAME */,
                                        	overwrite: true /* BOOLEAN */
                                        });
                                        //service will remove the extensions that are not mentioned in the Extensions infotable
                                        //extensions will not be removed if infotable is empty
                                         me.CleanExtensions();
                                        ]]>
                                        </code>
                                    </Row>
                                </Rows>
                            </ConfigurationTable>
                        </ConfigurationTables>
                    </ServiceImplementation>
                    <ServiceImplementation
                     description=""
                     handlerName="Script"
                     name="ExportSystemObjectsLocTables">
                        <ConfigurationTables>
                            <ConfigurationTable
                             dataShapeName=""
                             description=""
                             isMultiRow="false"
                             name="Script"
                             ordinal="0">
                                <DataShape>
                                    <FieldDefinitions>
                                        <FieldDefinition
                                         baseType="STRING"
                                         description="code"
                                         name="code"
                                         ordinal="0"></FieldDefinition>
                                    </FieldDefinitions>
                                </DataShape>
                                <Rows>
                                    <Row>
                                        <code>
                                        <![CDATA[
                                        //(1) delete any files previously exported on this path
                                        // result: INFOTABLE dataShape: "FileSystemFile"
                                        var deploymentRepository = me.GetDeploymentRepository(); 
                                        var files =  Things[deploymentRepository].GetFileListing({
                                        	path: me.SystemObjectsPath /* STRING */,
                                        });
                                        for each (var file in files.rows) {
                                        	Things[deploymentRepository].DeleteFile({
                                        		path: file.path /* STRING */
                                        	});
                                        }
                                        var headers = {"Content-Type" : "multipart/form-data", 
                                                       "Accept" : "application/json", 
                                                       "X-XSRF-TOKEN": "TWX-XSRF-TOKEN-VALUE", 
                                                       "appKey": ApplicationKeys[me.AppKey].GetKeyID()
                                                      };
                                        var url = host + "/Thingworx/Exporter?Accept=text/xml&includeDependents=false&path=/" + 
                                            me.SystemObjectsPath + "&repositoryName=" + Things[deploymentRepository].name + "&searchTags=" + me.TagSystemObjects;
                                        
                                        Resources["ContentLoaderFunctions"].GetText({
                                        		headers: headers /* JSON */,
                                        		url: url /* STRING */
                                        	});
                                        ]]>
                                        </code>
                                    </Row>
                                </Rows>
                            </ConfigurationTable>
                        </ConfigurationTables>
                    </ServiceImplementation>
                    <ServiceImplementation
                     description=""
                     handlerName="Script"
                     name="ExportUserPermissions">
                        <ConfigurationTables>
                            <ConfigurationTable
                             dataShapeName=""
                             description=""
                             isMultiRow="false"
                             name="Script"
                             ordinal="0">
                                <DataShape>
                                    <FieldDefinitions>
                                        <FieldDefinition
                                         baseType="STRING"
                                         description="code"
                                         name="code"
                                         ordinal="0"></FieldDefinition>
                                    </FieldDefinitions>
                                </DataShape>
                                <Rows>
                                    <Row>
                                        <code>
                                        <![CDATA[
                                        var params = {
                                        	path: "/permissions" /* STRING */,
                                        	fileName: "permissions.xml" /* STRING */,
                                        	includeCollectionPermissions: true /* BOOLEAN */,
                                        	includeDependents: true /* BOOLEAN */,
                                        	includeEntityPermissions: true /* BOOLEAN */,
                                        	repositoryName: me.GetDeploymentRepository() /* THINGNAME */,
                                        	projectName: me.ProjectName /* PROJECTNAME */,
                                        	tags: undefined /* TAGS */
                                        };
                                        
                                        // no return
                                        Resources["CollectionFunctions"].ExportUserPermissions(params);
                                        ]]>
                                        </code>
                                    </Row>
                                </Rows>
                            </ConfigurationTable>
                        </ConfigurationTables>
                    </ServiceImplementation>
                    <ServiceImplementation
                     description=""
                     handlerName="Script"
                     name="GetDeploymentRepository">
                        <ConfigurationTables>
                            <ConfigurationTable
                             dataShapeName=""
                             description=""
                             isMultiRow="false"
                             name="Script"
                             ordinal="0">
                                <DataShape>
                                    <FieldDefinitions>
                                        <FieldDefinition
                                         baseType="STRING"
                                         description="code"
                                         name="code"
                                         ordinal="0"></FieldDefinition>
                                    </FieldDefinitions>
                                </DataShape>
                                <Rows>
                                    <Row>
                                        <code>
                                        <![CDATA[
                                        var table =  Things[me.GitThingName].GetConfigurationTable({
                                        	tableName: "Configuration" /* STRING */
                                        });
                                        
                                        var result = table.rows[0].FileRepository;
                                        ]]>
                                        </code>
                                    </Row>
                                </Rows>
                            </ConfigurationTable>
                        </ConfigurationTables>
                    </ServiceImplementation>
                    <ServiceImplementation
                     description=""
                     handlerName="Script"
                     name="GetDeploymentRepositoryForImport">
                        <ConfigurationTables>
                            <ConfigurationTable
                             dataShapeName=""
                             description=""
                             isMultiRow="false"
                             name="Script"
                             ordinal="0">
                                <DataShape>
                                    <FieldDefinitions>
                                        <FieldDefinition
                                         baseType="STRING"
                                         description="code"
                                         name="code"
                                         ordinal="0"></FieldDefinition>
                                    </FieldDefinitions>
                                </DataShape>
                                <Rows>
                                    <Row>
                                        <code>
                                        <![CDATA[
                                        var table =  Things["DA.GitConnectorToImport"].GetConfigurationTable({
                                        	tableName: "Configuration" /* STRING */
                                        });
                                        
                                        var result = table.rows[0].FileRepository;
                                        ]]>
                                        </code>
                                    </Row>
                                </Rows>
                            </ConfigurationTable>
                        </ConfigurationTables>
                    </ServiceImplementation>
                    <ServiceImplementation
                     description=""
                     handlerName="Script"
                     name="ImportApplication">
                        <ConfigurationTables>
                            <ConfigurationTable
                             dataShapeName=""
                             description=""
                             isMultiRow="false"
                             name="Script"
                             ordinal="0">
                                <DataShape>
                                    <FieldDefinitions>
                                        <FieldDefinition
                                         baseType="STRING"
                                         description="code"
                                         name="code"
                                         ordinal="0"></FieldDefinition>
                                    </FieldDefinitions>
                                </DataShape>
                                <Rows>
                                    <Row>
                                        <code>
                                        <![CDATA[
                                        try {
                                            var result; 
                                            //1. Pull request to the git repository
                                        //    Things[me.GitThingName].Pull({
                                        //    	Force: true /* BOOLEAN */
                                        //    });
                                            //2. install extensions if installExtensions is set to true
                                        //    if (installExtensions) {
                                        //        me.InstallExtensionsFromRepository({
                                        //        	host: host /* STRING */
                                        //        });
                                        //    }
                                            //3. import entities from source control
                                             me.ImportEntitiesFromSourceControl();
                                            //4. import user permissions
                                        //     me.ImportUserPermissions();
                                            //5. import system objects and location tables
                                        //     me.ImportSysObjects({
                                        //    	host: host /* STRING */
                                        //    });
                                            result = "Success"; 
                                        } catch (err) {
                                            result = "Error " + err; 
                                            logger.error(result); 
                                        }
                                        ]]>
                                        </code>
                                    </Row>
                                </Rows>
                            </ConfigurationTable>
                        </ConfigurationTables>
                    </ServiceImplementation>
                    <ServiceImplementation
                     description=""
                     handlerName="Script"
                     name="ImportEntitiesFromSourceControl">
                        <ConfigurationTables>
                            <ConfigurationTable
                             dataShapeName=""
                             description=""
                             isMultiRow="false"
                             name="Script"
                             ordinal="0">
                                <DataShape>
                                    <FieldDefinitions>
                                        <FieldDefinition
                                         baseType="STRING"
                                         description="code"
                                         name="code"
                                         ordinal="0"></FieldDefinition>
                                    </FieldDefinitions>
                                </DataShape>
                                <Rows>
                                    <Row>
                                        <code>
                                        <![CDATA[
                                        var params = {
                                        	path: me.EntitiesPath /* STRING */,
                                        	useDefaultDataProvider: true /* BOOLEAN */,
                                        	withSubsystems: true /* BOOLEAN */,
                                        	repositoryName: me.GetDeploymentRepositoryForImport() /* THINGNAME */
                                        };
                                        
                                        // no return
                                        Resources["SourceControlFunctions"].ImportSourceControlledEntities(params);
                                        ]]>
                                        </code>
                                    </Row>
                                </Rows>
                            </ConfigurationTable>
                        </ConfigurationTables>
                    </ServiceImplementation>
                    <ServiceImplementation
                     description=""
                     handlerName="Script"
                     name="ImportSysObjects">
                        <ConfigurationTables>
                            <ConfigurationTable
                             dataShapeName=""
                             description=""
                             isMultiRow="false"
                             name="Script"
                             ordinal="0">
                                <DataShape>
                                    <FieldDefinitions>
                                        <FieldDefinition
                                         baseType="STRING"
                                         description="code"
                                         name="code"
                                         ordinal="0"></FieldDefinition>
                                    </FieldDefinitions>
                                </DataShape>
                                <Rows>
                                    <Row>
                                        <code>
                                        <![CDATA[
                                        var targetURL = host + "/Thingworx/Importer?IgnoreBadValueStreamData=false&WithSubsystems=true&purpose=import&usedefaultdataprovider=false";
                                        // result: INFOTABLE dataShape: "FileSystemFile"
                                        var twRep = me.GetDeploymentRepository(); 
                                        
                                        var entities = Things[twRep].ListFiles({ path: me.SystemObjectsPath /* STRING */});
                                        var appKey = ApplicationKeys[me.appkeyda];
                                        for each (var entity in entities.rows) {  
                                            try {
                                                var params = {
                                                	headers: {"appKey" : appKey, 'x-thingworx-session': 'true', 'X-XSRF-TOKEN': 'TWX-XSRF-TOKEN-VALUE'  } /* JSON */,
                                                	repository: twRep/* STRING */,
                                                    url: targetURL /* STRING */,
                                                    pathOnRepository: entity.path /* STRING */,
                                                };
                                                
                                               Resources["ContentLoaderFunctions"].PostMultipart(params);   
                                            } catch (err) {
                                                logger.error ("Error importing file " + entity.path + " with error message " + err) ; 
                                            }
                                        }
                                        ]]>
                                        </code>
                                    </Row>
                                </Rows>
                            </ConfigurationTable>
                        </ConfigurationTables>
                    </ServiceImplementation>
                    <ServiceImplementation
                     description=""
                     handlerName="Script"
                     name="ImportUserPermissions">
                        <ConfigurationTables>
                            <ConfigurationTable
                             dataShapeName=""
                             description=""
                             isMultiRow="false"
                             name="Script"
                             ordinal="0">
                                <DataShape>
                                    <FieldDefinitions>
                                        <FieldDefinition
                                         baseType="STRING"
                                         description="code"
                                         name="code"
                                         ordinal="0"></FieldDefinition>
                                    </FieldDefinitions>
                                </DataShape>
                                <Rows>
                                    <Row>
                                        <code>
                                        <![CDATA[
                                        var params = {
                                        	path: me.PermissionsPath /* STRING */,
                                        	fileName: "permissions.xml" /* STRING */,
                                        	repositoryName: me.GetDeploymentRepository() /* THINGNAME */
                                        };
                                        
                                        // no return
                                        Resources["CollectionFunctions"].ImportUserPermissions(params);
                                        ]]>
                                        </code>
                                    </Row>
                                </Rows>
                            </ConfigurationTable>
                        </ConfigurationTables>
                    </ServiceImplementation>
                    <ServiceImplementation
                     description=""
                     handlerName="Script"
                     name="InstallExtensionsFromRepository">
                        <ConfigurationTables>
                            <ConfigurationTable
                             dataShapeName=""
                             description=""
                             isMultiRow="false"
                             name="Script"
                             ordinal="0">
                                <DataShape>
                                    <FieldDefinitions>
                                        <FieldDefinition
                                         baseType="STRING"
                                         description="code"
                                         name="code"
                                         ordinal="0"></FieldDefinition>
                                    </FieldDefinitions>
                                </DataShape>
                                <Rows>
                                    <Row>
                                        <code>
                                        <![CDATA[
                                        var targetURL = host + "/Thingworx/ExtensionPackageUploader?purpose=import";
                                        // result: INFOTABLE dataShape: "FileSystemFile"
                                        var twRep = me.GetDeploymentRepository(); 
                                        var twRepPath = me.ExtensionsPath ;
                                        var extensions = Things[twRep].ListFiles({ path: twRepPath /* STRING */});
                                        //optional part, for sorting the extensions in the folder based on their name
                                        var sort = new Object();
                                        sort.name = "name";
                                        sort.ascending = true;
                                        extensions.Sort(sort);
                                        
                                        var appKey = ApplicationKeys[me.AppKey].GetKeyID(); 
                                        for each (var extension in extensions.rows) {  
                                            try {
                                                    var params = {
                                                    	headers: {"appKey" : appKey, 'X-XSRF-TOKEN': 'TWX-XSRF-TOKEN-VALUE'  } /* JSON */,
                                                    	repository: twRep/* STRING */,
                                                        url: targetURL /* STRING */,
                                                        pathOnRepository: extension.path /* STRING */,
                                                        ignoreSSLErrors: true /* BOOLEAN */
                                                    };
                                                    
                                                   Resources["ContentLoaderFunctions"].PostMultipart(params);           
                                            } catch (err) {
                                                logger.error ("Error installing extension " + extension.path + " with error message " + err) ; 
                                            }
                                        }
                                        ]]>
                                        </code>
                                    </Row>
                                </Rows>
                            </ConfigurationTable>
                        </ConfigurationTables>
                    </ServiceImplementation>
                    <ServiceImplementation
                     description=""
                     handlerName="Script"
                     name="PackageApplication">
                        <ConfigurationTables>
                            <ConfigurationTable
                             dataShapeName=""
                             description=""
                             isMultiRow="false"
                             name="Script"
                             ordinal="0">
                                <DataShape>
                                    <FieldDefinitions>
                                        <FieldDefinition
                                         baseType="STRING"
                                         description="code"
                                         name="code"
                                         ordinal="0"></FieldDefinition>
                                    </FieldDefinitions>
                                </DataShape>
                                <Rows>
                                    <Row>
                                        <code>
                                        <![CDATA[
                                        var result;
                                        try {    
                                            
                                            // 1. entities will be exported to source control
                                            me.ExportEntitiesToSourceControl({
                                            	start: undefined /* DATETIME */
                                            });
                                            
                                            // 2. CustomCreateExtractZip to zip the project
                                            Things["DM.GitRepositoryToPUSH"].CustomCreateZipArchive();
                                            
                                            // 3. CustomDeleteFolder to delete the entity folder created from previous step
                                            Things["DM.GitRepositoryToPUSH"].CustomDeleteFolder();
                                            
                                            // 4. Checkout to the branch you want to push the code
                                            Things["DA.GitConnector.T"].Checkout({
                                        	BranchNameOrCommit: "side_branch_new" /* STRING */
                                        	});
                                            
                                            // 5. Push all the entities, extensions, user permissions to the Git repository
                                            Things[me.GitThingName].Push({
                                            	Message: message /* STRING */
                                            });
                                            
                                            // Result needs to be "Success" as it will be validated in Jenkins
                                        	result = "Success"; 
                                            
                                        } catch (err) {
                                            result  = "Error " + err; 
                                            logger.error(result); 
                                        }
                                        ]]>
                                        </code>
                                    </Row>
                                </Rows>
                            </ConfigurationTable>
                        </ConfigurationTables>
                    </ServiceImplementation>
                </ServiceImplementations>
                <Subscriptions></Subscriptions>
            </ThingShape>
            <PropertyBindings></PropertyBindings>
            <RemotePropertyBindings></RemotePropertyBindings>
            <RemoteServiceBindings></RemoteServiceBindings>
            <RemoteEventBindings></RemoteEventBindings>
            <AlertConfigurations>
                <AlertDefinitions
                 name="AppKey"></AlertDefinitions>
                <AlertDefinitions
                 name="EntitiesPath"></AlertDefinitions>
                <AlertDefinitions
                 name="Extensions"></AlertDefinitions>
                <AlertDefinitions
                 name="ExtensionsPath"></AlertDefinitions>
                <AlertDefinitions
                 name="GitThingName"></AlertDefinitions>
                <AlertDefinitions
                 name="PermissionsPath"></AlertDefinitions>
                <AlertDefinitions
                 name="ProjectName"></AlertDefinitions>
                <AlertDefinitions
                 name="SystemObjectsPath"></AlertDefinitions>
                <AlertDefinitions
                 name="TagSystemObjects"></AlertDefinitions>
            </AlertConfigurations>
            <ImplementedShapes></ImplementedShapes>
            <ThingProperties>
                <ProjectName>
                    <Value>
                    <![CDATA[
                    DassaultAviationPoC
                    ]]>
                    </Value>
                    <Timestamp>2021-09-28T15:24:01.123Z</Timestamp>
                    <Quality>GOOD</Quality>
                </ProjectName>
                <TagSystemObjects>
                    <Value>
                    <![CDATA[
                    Applications:DevOps
                    ]]>
                    </Value>
                    <Timestamp>1970-01-01T00:00:00.000Z</Timestamp>
                    <Quality>UNKNOWN</Quality>
                </TagSystemObjects>
                <SystemObjectsPath>
                    <Value>
                    <![CDATA[
                    /
                    ]]>
                    </Value>
                    <Timestamp>2021-09-28T15:24:13.967Z</Timestamp>
                    <Quality>GOOD</Quality>
                </SystemObjectsPath>
                <AppKey>
                    <Value>
                    <![CDATA[
                    DevOpsAppKey
                    ]]>
                    </Value>
                    <Timestamp>1970-01-01T00:00:00.000Z</Timestamp>
                    <Quality>UNKNOWN</Quality>
                </AppKey>
                <Extensions>
                    <Value>
                        <infoTable>
                            <DataShape>
                                <FieldDefinitions>
                                    <FieldDefinition
                                     baseType="STRING"
                                     description="Entity description"
                                     name="description"
                                     ordinal="0"></FieldDefinition>
                                    <FieldDefinition
                                     aspect.isPrimaryKey="true"
                                     baseType="STRING"
                                     description="Entity name"
                                     name="name"
                                     ordinal="0"></FieldDefinition>
                                </FieldDefinitions>
                            </DataShape>
                            <Rows></Rows>
                        </infoTable>
                    </Value>
                    <Timestamp>1970-01-01T00:00:00.000Z</Timestamp>
                    <Quality>UNKNOWN</Quality>
                </Extensions>
                <GitThingName>
                    <Value>
                    <![CDATA[
                    DA.GitConnector.T
                    ]]>
                    </Value>
                    <Timestamp>2021-09-28T15:24:25.655Z</Timestamp>
                    <Quality>GOOD</Quality>
                </GitThingName>
                <PermissionsPath>
                    <Value>
                    <![CDATA[
                    /
                    ]]>
                    </Value>
                    <Timestamp>2021-09-28T15:26:13.582Z</Timestamp>
                    <Quality>GOOD</Quality>
                </PermissionsPath>
                <EntitiesPath>
                    <Value>
                    <![CDATA[
                    /entity
                    ]]>
                    </Value>
                    <Timestamp>2021-09-28T17:22:39.275Z</Timestamp>
                    <Quality>GOOD</Quality>
                </EntitiesPath>
                <ExtensionsPath>
                    <Value>
                    <![CDATA[
                    /extensions
                    ]]>
                    </Value>
                    <Timestamp>1970-01-01T00:00:00.000Z</Timestamp>
                    <Quality>UNKNOWN</Quality>
                </ExtensionsPath>
            </ThingProperties>
        </Thing>
    </Things>
</Entities>
