<?xml version="1.0" encoding="UTF-8"?>
<Entities
 majorVersion="9"
 minorVersion="2"
 universal="">
    <Things>
        <Thing
         description=""
         documentationContent=""
         effectiveThingPackage="MailThing"
         enabled="true"
         homeMashup=""
         identifier=""
         inheritedValueStream=""
         name="EMailThing"
         projectName="DassaultAviationPoC"
         published="false"
         tags="DassaultAviation:TemperatureHumidity"
         thingTemplate="MailServer"
         valueStream="">
            <avatar></avatar>
            <DesignTimePermissions>
                <Create></Create>
                <Read></Read>
                <Update></Update>
                <Delete></Delete>
                <Metadata></Metadata>
            </DesignTimePermissions>
            <RunTimePermissions>
                <Permissions
                 resourceName="*">
                    <PropertyRead>
                        <Principal
                         isPermitted="true"
                         name="DigitalTwinUsers"
                         type="Group"></Principal>
                    </PropertyRead>
                    <PropertyWrite>
                        <Principal
                         isPermitted="true"
                         name="DigitalTwinUsers"
                         type="Group"></Principal>
                    </PropertyWrite>
                    <ServiceInvoke>
                        <Principal
                         isPermitted="true"
                         name="DigitalTwinUsers"
                         type="Group"></Principal>
                    </ServiceInvoke>
                    <EventInvoke>
                        <Principal
                         isPermitted="true"
                         name="DigitalTwinUsers"
                         type="Group"></Principal>
                    </EventInvoke>
                    <EventSubscribe>
                        <Principal
                         isPermitted="true"
                         name="DigitalTwinUsers"
                         type="Group"></Principal>
                    </EventSubscribe>
                </Permissions>
            </RunTimePermissions>
            <VisibilityPermissions>
                <Visibility>
                    <Principal
                     isPermitted="true"
                     name="DigitalTwinDevelopers"
                     type="Organization"></Principal>
                </Visibility>
            </VisibilityPermissions>
            <ConfigurationTableDefinitions></ConfigurationTableDefinitions>
            <ConfigurationTables>
                <ConfigurationTable
                 dataShapeName=""
                 description="Mail Server Connection Parameters"
                 isMultiRow="false"
                 name="ConnectionInfo"
                 ordinal="0">
                    <DataShape>
                        <FieldDefinitions>
                            <FieldDefinition
                             aspect.defaultValue="account@domain.com"
                             aspect.friendlyName="Mail Account User"
                             baseType="STRING"
                             description="Mail account user id"
                             name="accountId"
                             ordinal="6"></FieldDefinition>
                            <FieldDefinition
                             aspect.friendlyName="Mail Account Password"
                             baseType="PASSWORD"
                             description="Mail account password"
                             name="accountPassword"
                             ordinal="7"></FieldDefinition>
                            <FieldDefinition
                             aspect.defaultValue="30000.0"
                             aspect.friendlyName="Connection Timeout"
                             baseType="NUMBER"
                             description="Timeout (milliseconds) to establish a connection"
                             name="connectionTimeout"
                             ordinal="9"></FieldDefinition>
                            <FieldDefinition
                             aspect.friendlyName="Default From Field"
                             baseType="STRING"
                             description="Default From field"
                             name="defaultFrom"
                             ordinal="8"></FieldDefinition>
                            <FieldDefinition
                             aspect.defaultValue="error@mail.com"
                             aspect.friendlyName="Error Address"
                             baseType="STRING"
                             description="Error Address"
                             name="errorAdr"
                             ordinal="16"></FieldDefinition>
                            <FieldDefinition
                             aspect.defaultValue="SystemRepository"
                             aspect.friendlyName="Attachment File Repository"
                             baseType="THINGNAME"
                             description="File Repository for recieved attachments"
                             name="fileRepository"
                             ordinal="13"></FieldDefinition>
                            <FieldDefinition
                             aspect.defaultValue="no-reply@mail.com"
                             aspect.friendlyName="No-Reply Address"
                             baseType="STRING"
                             description="No Reply Address"
                             name="noReplyAdr"
                             ordinal="14"></FieldDefinition>
                            <FieldDefinition
                             aspect.defaultValue="30000.0"
                             aspect.friendlyName="Operation Timeout"
                             baseType="NUMBER"
                             description="Timeout (milliseconds) to perform an operation"
                             name="operationTimeout"
                             ordinal="10"></FieldDefinition>
                            <FieldDefinition
                             aspect.friendlyName="Platform Proxy Host"
                             baseType="STRING"
                             description="The host name with which ThingWorx platform is exposed to users"
                             name="platformProxyHost"
                             ordinal="18"></FieldDefinition>
                            <FieldDefinition
                             aspect.defaultValue="80.0"
                             aspect.friendlyName="Platform Proxy Port"
                             baseType="NUMBER"
                             description="The port of the platform proxy with which ThingWorx platform is exposed to users"
                             name="platformProxyPort"
                             ordinal="19"></FieldDefinition>
                            <FieldDefinition
                             aspect.defaultValue="http"
                             aspect.friendlyName="Platform Proxy Scheme"
                             baseType="STRING"
                             description="The protocol scheme (http or https) for the host with which ThingWorx platform is exposed to users"
                             name="platformProxyScheme"
                             ordinal="17"></FieldDefinition>
                            <FieldDefinition
                             aspect.defaultValue="110.0"
                             aspect.friendlyName="POP3 Server Port"
                             baseType="NUMBER"
                             description="POP3 server port"
                             name="pop3Port"
                             ordinal="3"></FieldDefinition>
                            <FieldDefinition
                             aspect.defaultValue="pop3.domain.com"
                             aspect.friendlyName="POP3 Server"
                             baseType="STRING"
                             description="POP3 server name"
                             name="pop3Server"
                             ordinal="2"></FieldDefinition>
                            <FieldDefinition
                             aspect.defaultValue="reply@mail.com"
                             aspect.friendlyName="Reply Address"
                             baseType="STRING"
                             description="Reply Address"
                             name="replyAdr"
                             ordinal="15"></FieldDefinition>
                            <FieldDefinition
                             aspect.defaultValue="80.0"
                             aspect.friendlyName="SMTP Server Port"
                             baseType="NUMBER"
                             description="SMTP server port"
                             name="smtpPort"
                             ordinal="1"></FieldDefinition>
                            <FieldDefinition
                             aspect.defaultValue="smtp.domain.com"
                             aspect.friendlyName="SMTP Server"
                             baseType="STRING"
                             description="SMTP server name"
                             name="smtpServer"
                             ordinal="0"></FieldDefinition>
                            <FieldDefinition
                             aspect.defaultValue=""
                             aspect.friendlyName="Socks Host"
                             baseType="STRING"
                             description="Specifies the host name of a SOCKS5 proxy server that will be used for connections to the mail server"
                             name="socksHost"
                             ordinal="11"></FieldDefinition>
                            <FieldDefinition
                             aspect.defaultValue="1080.0"
                             aspect.friendlyName="Socks Port"
                             baseType="NUMBER"
                             description="Specifies the port number for the SOCKS5 proxy server"
                             name="socksPort"
                             ordinal="12"></FieldDefinition>
                            <FieldDefinition
                             aspect.defaultValue="false"
                             aspect.friendlyName="Use SSL"
                             baseType="BOOLEAN"
                             description="Use an SSL connection"
                             name="useSSL"
                             ordinal="5"></FieldDefinition>
                            <FieldDefinition
                             aspect.defaultValue="false"
                             aspect.friendlyName="Use TLS"
                             baseType="BOOLEAN"
                             description="Use transport layer security"
                             name="useTLS"
                             ordinal="4"></FieldDefinition>
                        </FieldDefinitions>
                    </DataShape>
                    <Rows>
                        <Row>
                            <accountId>
                            <![CDATA[
                            shreya.goyal@capgemini.com
                            ]]>
                            </accountId>
                            <accountPassword></accountPassword>
                            <connectionTimeout>30000.0</connectionTimeout>
                            <defaultFrom></defaultFrom>
                            <errorAdr>
                            <![CDATA[
                            error@mail.com
                            ]]>
                            </errorAdr>
                            <fileRepository>
                            <![CDATA[
                            SystemRepository
                            ]]>
                            </fileRepository>
                            <noReplyAdr>
                            <![CDATA[
                            no-reply@mail.com
                            ]]>
                            </noReplyAdr>
                            <operationTimeout>30000.0</operationTimeout>
                            <platformProxyHost></platformProxyHost>
                            <platformProxyPort>80.0</platformProxyPort>
                            <platformProxyScheme>
                            <![CDATA[
                            http
                            ]]>
                            </platformProxyScheme>
                            <pop3Port>110.0</pop3Port>
                            <pop3Server>
                            <![CDATA[
                            pop3.capgemini.com
                            ]]>
                            </pop3Server>
                            <replyAdr>
                            <![CDATA[
                            reply@mail.com
                            ]]>
                            </replyAdr>
                            <smtpPort>8008.0</smtpPort>
                            <smtpServer>
                            <![CDATA[
                            127.0.0.1
                            ]]>
                            </smtpServer>
                            <socksHost></socksHost>
                            <socksPort>1080.0</socksPort>
                            <useSSL>false</useSSL>
                            <useTLS>false</useTLS>
                        </Row>
                    </Rows>
                </ConfigurationTable>
                <ConfigurationTable
                 dataShapeName=""
                 description="Configurable options for notification handling"
                 isHidden="true"
                 isMultiRow="true"
                 name="Handlers"
                 ordinal="1">
                    <DataShape>
                        <FieldDefinitions>
                            <FieldDefinition
                             aspect.friendlyName="Configuration"
                             baseType="DATASHAPENAME"
                             description="The name of the data shape representing configuration data for the handler"
                             name="configuration"
                             ordinal="3"></FieldDefinition>
                            <FieldDefinition
                             aspect.friendlyName="Handler ID"
                             baseType="GUID"
                             description="The identifier for the type of supported notification handler"
                             name="handlerID"
                             ordinal="0"></FieldDefinition>
                            <FieldDefinition
                             aspect.friendlyName="Localized Name"
                             baseType="STRING"
                             description="The localized name for the type of notifications handler"
                             name="localizedName"
                             ordinal="1"></FieldDefinition>
                            <FieldDefinition
                             aspect.friendlyName="Service Name"
                             baseType="STRING"
                             description="The name of the service for sending notifications on the handler"
                             name="serviceName"
                             ordinal="2"></FieldDefinition>
                        </FieldDefinitions>
                    </DataShape>
                    <Rows>
                        <Row>
                            <configuration>
                            <![CDATA[
                            EmailContent
                            ]]>
                            </configuration>
                            <handlerID>
                            <![CDATA[
                            3f7f0fbf-2da7-46f1-8035-3d0cb37d43cf
                            ]]>
                            </handlerID>
                            <localizedName>
                            <![CDATA[
                            [[notificationHandlers.email]]
                            ]]>
                            </localizedName>
                            <serviceName>
                            <![CDATA[
                            Notify
                            ]]>
                            </serviceName>
                        </Row>
                    </Rows>
                </ConfigurationTable>
            </ConfigurationTables>
            <ThingShape>
                <PropertyDefinitions></PropertyDefinitions>
                <ServiceDefinitions></ServiceDefinitions>
                <EventDefinitions></EventDefinitions>
                <ServiceMappings></ServiceMappings>
                <ServiceImplementations></ServiceImplementations>
                <Subscriptions></Subscriptions>
            </ThingShape>
            <PropertyBindings></PropertyBindings>
            <RemotePropertyBindings></RemotePropertyBindings>
            <RemoteServiceBindings></RemoteServiceBindings>
            <RemoteEventBindings></RemoteEventBindings>
            <AlertConfigurations></AlertConfigurations>
            <ImplementedShapes></ImplementedShapes>
            <ThingProperties></ThingProperties>
        </Thing>
    </Things>
</Entities>
