<?xml version="1.0" encoding="UTF-8"?>
<Entities
 majorVersion="9"
 minorVersion="2"
 universal="">
    <Things>
        <Thing
         description=""
         documentationContent=""
         effectiveThingPackage="ConfiguredThing"
         enabled="true"
         homeMashup=""
         identifier=""
         inheritedValueStream=""
         name="HelperThing"
         projectName="DassaultAviationPoC"
         published="false"
         tags=""
         thingTemplate="GenericThing"
         valueStream="">
            <avatar></avatar>
            <DesignTimePermissions>
                <Create></Create>
                <Read></Read>
                <Update></Update>
                <Delete></Delete>
                <Metadata></Metadata>
            </DesignTimePermissions>
            <RunTimePermissions>
                <Permissions
                 resourceName="*">
                    <PropertyRead>
                        <Principal
                         isPermitted="true"
                         name="DigitalTwinUsers"
                         type="Group"></Principal>
                    </PropertyRead>
                    <PropertyWrite>
                        <Principal
                         isPermitted="true"
                         name="DigitalTwinUsers"
                         type="Group"></Principal>
                    </PropertyWrite>
                    <ServiceInvoke>
                        <Principal
                         isPermitted="true"
                         name="DigitalTwinUsers"
                         type="Group"></Principal>
                    </ServiceInvoke>
                    <EventInvoke>
                        <Principal
                         isPermitted="true"
                         name="DigitalTwinUsers"
                         type="Group"></Principal>
                    </EventInvoke>
                    <EventSubscribe>
                        <Principal
                         isPermitted="true"
                         name="DigitalTwinUsers"
                         type="Group"></Principal>
                    </EventSubscribe>
                </Permissions>
            </RunTimePermissions>
            <VisibilityPermissions>
                <Visibility>
                    <Principal
                     isPermitted="true"
                     name="DigitalTwinDevelopers"
                     type="Organization"></Principal>
                </Visibility>
            </VisibilityPermissions>
            <ConfigurationTableDefinitions></ConfigurationTableDefinitions>
            <ConfigurationTables></ConfigurationTables>
            <ThingShape>
                <PropertyDefinitions></PropertyDefinitions>
                <ServiceDefinitions>
                    <ServiceDefinition
                     aspect.isAsync="false"
                     category=""
                     description=""
                     isAllowOverride="false"
                     isLocalOnly="false"
                     isOpen="false"
                     isPrivate="false"
                     name="CreateThings">
                        <ResultType
                         baseType="NOTHING"
                         description=""
                         name="result"
                         ordinal="0"></ResultType>
                        <ParameterDefinitions>
                            <FieldDefinition
                             aspect.isRequired="true"
                             baseType="STRING"
                             description=""
                             name="FileName"
                             ordinal="1"></FieldDefinition>
                            <FieldDefinition
                             aspect.isRequired="true"
                             baseType="STRING"
                             description=""
                             name="RepositoryName"
                             ordinal="2"></FieldDefinition>
                        </ParameterDefinitions>
                    </ServiceDefinition>
                </ServiceDefinitions>
                <EventDefinitions></EventDefinitions>
                <ServiceMappings></ServiceMappings>
                <ServiceImplementations>
                    <ServiceImplementation
                     description=""
                     handlerName="Script"
                     name="CreateThings">
                        <ConfigurationTables>
                            <ConfigurationTable
                             dataShapeName=""
                             description=""
                             isMultiRow="false"
                             name="Script"
                             ordinal="0">
                                <DataShape>
                                    <FieldDefinitions>
                                        <FieldDefinition
                                         baseType="STRING"
                                         description="code"
                                         name="code"
                                         ordinal="0"></FieldDefinition>
                                    </FieldDefinitions>
                                </DataShape>
                                <Rows>
                                    <Row>
                                        <code>
                                        <![CDATA[
                                        var fileName=FileName;
                                        var thingName= "SVGThingMain" +Math.floor(Math.random()*100)+1;
                                        var params = {
                                        	name: thingName/* STRING */,
                                        	description: undefined /* STRING */,
                                        	thingTemplateName: "SVGExtensionTemplate" /* THINGTEMPLATENAME */,
                                        	tags: "DassaultAviation:Geolocation" /* TAGS */
                                        };
                                        
                                        // no return
                                        Resources["EntityServices"].CreateThing(params);
                                        Things[thingName].EnableThing();
                                        Things[thingName].RestartThing();
                                        
                                        Things[thingName].FileName=fileName;
                                        Things[thingName].GetDataFromXML({
                                            FileName :fileName,
                                         	ThingName:RepositoryName
                                        });
                                        Things[thingName].FetchAndUpdatePropertyValues({
                                        	FileName: fileName /* STRING */,
                                        	ThingName: RepositoryName /* STRING */
                                            
                                        });
                                        
                                        // tags:TAGS
                                        var tags = new Array();
                                        
                                        // values:INFOTABLE(Datashape: ListOfSVGFiles)
                                        var values = Things["ListOfSVGFiles_DT"].CreateValues();
                                        values.FileName = fileName; // STRING
                                        values.RepositoryName = RepositoryName; // STRING
                                        values.ThingName = thingName; // STRING [Primary Key]
                                        
                                        var params1 = {
                                        	values : values,
                                        };
                                        
                                        // AddOrUpdateDataTableEntry(tags:TAGS, source:STRING("me.name"), values:INFOTABLE(ListOfSVGFiles_DT), location:LOCATION):STRING
                                        var id = Things["ListOfSVGFiles_DT"].AddOrUpdateDataTableEntry(params1);
                                        ]]>
                                        </code>
                                    </Row>
                                </Rows>
                            </ConfigurationTable>
                        </ConfigurationTables>
                    </ServiceImplementation>
                </ServiceImplementations>
                <Subscriptions></Subscriptions>
            </ThingShape>
            <PropertyBindings></PropertyBindings>
            <RemotePropertyBindings></RemotePropertyBindings>
            <RemoteServiceBindings></RemoteServiceBindings>
            <RemoteEventBindings></RemoteEventBindings>
            <AlertConfigurations></AlertConfigurations>
            <ImplementedShapes></ImplementedShapes>
            <ThingProperties></ThingProperties>
        </Thing>
    </Things>
</Entities>
