<?xml version="1.0" encoding="UTF-8"?>
<Entities
 majorVersion="9"
 minorVersion="2"
 universal="">
    <Things>
        <Thing
         description=""
         documentationContent=""
         effectiveThingPackage="ConfiguredThing"
         enabled="true"
         homeMashup=""
         identifier=""
         inheritedValueStream=""
         name="MeasurementDataHandlerThing"
         projectName="DassaultAviationPoC"
         published="false"
         tags="Applications:DAPoCMar21;DassaultAviation:TemperatureHumidity"
         thingTemplate="GenericThing"
         valueStream="">
            <avatar></avatar>
            <DesignTimePermissions>
                <Create></Create>
                <Read></Read>
                <Update></Update>
                <Delete></Delete>
                <Metadata></Metadata>
            </DesignTimePermissions>
            <RunTimePermissions>
                <Permissions
                 resourceName="*">
                    <PropertyRead>
                        <Principal
                         isPermitted="true"
                         name="DigitalTwinUsers"
                         type="Group"></Principal>
                    </PropertyRead>
                    <PropertyWrite>
                        <Principal
                         isPermitted="true"
                         name="DigitalTwinUsers"
                         type="Group"></Principal>
                    </PropertyWrite>
                    <ServiceInvoke>
                        <Principal
                         isPermitted="true"
                         name="DigitalTwinUsers"
                         type="Group"></Principal>
                    </ServiceInvoke>
                    <EventInvoke>
                        <Principal
                         isPermitted="true"
                         name="DigitalTwinUsers"
                         type="Group"></Principal>
                    </EventInvoke>
                    <EventSubscribe>
                        <Principal
                         isPermitted="true"
                         name="DigitalTwinUsers"
                         type="Group"></Principal>
                    </EventSubscribe>
                </Permissions>
            </RunTimePermissions>
            <VisibilityPermissions>
                <Visibility>
                    <Principal
                     isPermitted="true"
                     name="DigitalTwinDevelopers"
                     type="Organization"></Principal>
                </Visibility>
            </VisibilityPermissions>
            <ConfigurationTableDefinitions></ConfigurationTableDefinitions>
            <ConfigurationTables></ConfigurationTables>
            <ThingShape>
                <PropertyDefinitions>
                    <PropertyDefinition
                     aspect.cacheTime="0.0"
                     aspect.dataChangeType="VALUE"
                     aspect.isLogged="true"
                     aspect.units="°C"
                     baseType="NUMBER"
                     category=""
                     description=""
                     isLocalOnly="false"
                     name="Temperature"
                     ordinal="2"></PropertyDefinition>
                </PropertyDefinitions>
                <ServiceDefinitions>
                    <ServiceDefinition
                     aspect.isAsync="false"
                     category=""
                     description=""
                     isAllowOverride="false"
                     isLocalOnly="false"
                     isOpen="false"
                     isPrivate="false"
                     name="CreateMeasurementThing">
                        <ResultType
                         baseType="THINGNAME"
                         description=""
                         name="result"
                         ordinal="0"></ResultType>
                        <ParameterDefinitions></ParameterDefinitions>
                    </ServiceDefinition>
                    <ServiceDefinition
                     aspect.isAsync="false"
                     category=""
                     description=""
                     isAllowOverride="false"
                     isLocalOnly="false"
                     isOpen="false"
                     isPrivate="false"
                     name="DeleteMeasurePoint">
                        <ResultType
                         baseType="NOTHING"
                         description=""
                         name="result"
                         ordinal="0"></ResultType>
                        <ParameterDefinitions>
                            <FieldDefinition
                             baseType="STRING"
                             description=""
                             name="measurementDisplayName"
                             ordinal="1"></FieldDefinition>
                        </ParameterDefinitions>
                    </ServiceDefinition>
                    <ServiceDefinition
                     aspect.isAsync="false"
                     category=""
                     description=""
                     isAllowOverride="false"
                     isLocalOnly="false"
                     isOpen="false"
                     isPrivate="false"
                     name="GetListOfStreamId">
                        <ResultType
                         baseType="STRING"
                         description=""
                         name="result"
                         ordinal="0"></ResultType>
                        <ParameterDefinitions></ParameterDefinitions>
                    </ServiceDefinition>
                    <ServiceDefinition
                     aspect.isAsync="false"
                     category=""
                     description=""
                     isAllowOverride="false"
                     isLocalOnly="false"
                     isOpen="false"
                     isPrivate="false"
                     name="GetListOfStreamIdFromLiveObject">
                        <ResultType
                         baseType="INFOTABLE"
                         description=""
                         name="result"
                         ordinal="0"></ResultType>
                        <ParameterDefinitions></ParameterDefinitions>
                    </ServiceDefinition>
                    <ServiceDefinition
                     aspect.isAsync="false"
                     category=""
                     description=""
                     isAllowOverride="false"
                     isLocalOnly="false"
                     isOpen="false"
                     isPrivate="false"
                     name="GetListOfThing">
                        <ResultType
                         baseType="INFOTABLE"
                         description=""
                         name="result"
                         ordinal="0"></ResultType>
                        <ParameterDefinitions>
                            <FieldDefinition
                             aspect.isRequired="true"
                             baseType="STRING"
                             description=""
                             name="ThingTemplateName"
                             ordinal="1"></FieldDefinition>
                        </ParameterDefinitions>
                    </ServiceDefinition>
                    <ServiceDefinition
                     aspect.isAsync="false"
                     category=""
                     description=""
                     isAllowOverride="false"
                     isLocalOnly="false"
                     isOpen="false"
                     isPrivate="false"
                     name="GetSensorDetails">
                        <ResultType
                         aspect.dataShape="MeasurementData_DS"
                         baseType="JSON"
                         description=""
                         name="result"
                         ordinal="0"></ResultType>
                        <ParameterDefinitions>
                            <FieldDefinition
                             aspect.isRequired="true"
                             baseType="STRING"
                             description=""
                             name="streamId"
                             ordinal="1"></FieldDefinition>
                        </ParameterDefinitions>
                    </ServiceDefinition>
                    <ServiceDefinition
                     aspect.isAsync="false"
                     category=""
                     description=""
                     isAllowOverride="false"
                     isLocalOnly="false"
                     isOpen="false"
                     isPrivate="false"
                     name="MapMeasurementDetails">
                        <ResultType
                         aspect.dataShape="SensorData_DS"
                         baseType="STRING"
                         description=""
                         name="result"
                         ordinal="0"></ResultType>
                        <ParameterDefinitions></ParameterDefinitions>
                    </ServiceDefinition>
                    <ServiceDefinition
                     aspect.isAsync="false"
                     category=""
                     description=""
                     isAllowOverride="false"
                     isLocalOnly="false"
                     isOpen="false"
                     isPrivate="false"
                     name="NewMeasurePoint">
                        <ResultType
                         baseType="THINGNAME"
                         description=""
                         name="result"
                         ordinal="0"></ResultType>
                        <ParameterDefinitions>
                            <FieldDefinition
                             aspect.isRequired="true"
                             baseType="STRING"
                             description=""
                             name="buildingName"
                             ordinal="2"></FieldDefinition>
                            <FieldDefinition
                             aspect.isRequired="true"
                             baseType="STRING"
                             description=""
                             name="family"
                             ordinal="4"></FieldDefinition>
                            <FieldDefinition
                             aspect.isRequired="true"
                             baseType="STRING"
                             description=""
                             name="measurementDisplayName"
                             ordinal="3"></FieldDefinition>
                            <FieldDefinition
                             aspect.isRequired="true"
                             baseType="STRING"
                             description=""
                             name="newStreamId"
                             ordinal="1"></FieldDefinition>
                        </ParameterDefinitions>
                    </ServiceDefinition>
                    <ServiceDefinition
                     aspect.isAsync="false"
                     category=""
                     description=""
                     isAllowOverride="false"
                     isLocalOnly="false"
                     isOpen="false"
                     isPrivate="false"
                     name="QueryData">
                        <ResultType
                         baseType="STRING"
                         description=""
                         name="result"
                         ordinal="0"></ResultType>
                        <ParameterDefinitions>
                            <FieldDefinition
                             aspect.isRequired="true"
                             baseType="STRING"
                             description=""
                             name="StreamId"
                             ordinal="1"></FieldDefinition>
                        </ParameterDefinitions>
                    </ServiceDefinition>
                    <ServiceDefinition
                     aspect.isAsync="false"
                     category=""
                     description=""
                     isAllowOverride="false"
                     isLocalOnly="false"
                     isOpen="false"
                     isPrivate="false"
                     name="test">
                        <ResultType
                         aspect.dataShape="SensorData_DS"
                         baseType="INFOTABLE"
                         description=""
                         name="result"
                         ordinal="0"></ResultType>
                        <ParameterDefinitions>
                            <FieldDefinition
                             aspect.isRequired="true"
                             baseType="STRING"
                             description=""
                             name="StreamId"
                             ordinal="1"></FieldDefinition>
                        </ParameterDefinitions>
                    </ServiceDefinition>
                    <ServiceDefinition
                     aspect.isAsync="false"
                     category=""
                     description=""
                     isAllowOverride="false"
                     isLocalOnly="false"
                     isOpen="false"
                     isPrivate="false"
                     name="UpdateSensorData">
                        <ResultType
                         baseType="STRING"
                         description=""
                         name="result"
                         ordinal="0"></ResultType>
                        <ParameterDefinitions>
                            <FieldDefinition
                             aspect.isRequired="true"
                             baseType="JSON"
                             description=""
                             name="SensorInfor"
                             ordinal="1"></FieldDefinition>
                        </ParameterDefinitions>
                    </ServiceDefinition>
                    <ServiceDefinition
                     aspect.isAsync="false"
                     category=""
                     description=""
                     isAllowOverride="false"
                     isLocalOnly="false"
                     isOpen="false"
                     isPrivate="false"
                     name="ValidateDetails">
                        <ResultType
                         baseType="STRING"
                         description=""
                         name="result"
                         ordinal="0"></ResultType>
                        <ParameterDefinitions>
                            <FieldDefinition
                             aspect.isRequired="true"
                             baseType="STRING"
                             description=""
                             name="SensorName"
                             ordinal="2"></FieldDefinition>
                            <FieldDefinition
                             aspect.isRequired="true"
                             baseType="DATETIME"
                             description=""
                             name="TimeStamp"
                             ordinal="1"></FieldDefinition>
                        </ParameterDefinitions>
                    </ServiceDefinition>
                </ServiceDefinitions>
                <EventDefinitions></EventDefinitions>
                <ServiceMappings></ServiceMappings>
                <ServiceImplementations>
                    <ServiceImplementation
                     description=""
                     handlerName="Script"
                     name="CreateMeasurementThing">
                        <ConfigurationTables>
                            <ConfigurationTable
                             dataShapeName=""
                             description=""
                             isMultiRow="false"
                             name="Script"
                             ordinal="0">
                                <DataShape>
                                    <FieldDefinitions>
                                        <FieldDefinition
                                         baseType="STRING"
                                         description="code"
                                         name="code"
                                         ordinal="0"></FieldDefinition>
                                    </FieldDefinitions>
                                </DataShape>
                                <Rows>
                                    <Row>
                                        <code>
                                        <![CDATA[
                                        var thingName = "MeasurementThingTest"+Math.floor(Math.random()*100)+1; 
                                        var params = {
                                          maxItems: 500 /* NUMBER */,
                                          nameMask: thingName /* STRING */,
                                          type: 'Thing' /* STRING */,
                                          tags: undefined /* TAGS */
                                        };
                                        // result: INFOTABLE dataShape: RootEntityList
                                        var thingDetails = Resources["EntityServices"].GetEntityList(params);
                                        var NameOfThing;
                                        if(thingDetails.rows.length>0 && thingDetails.rows.length==1){
                                            NameOfThing = thingDetails.rows[0].name;
                                        }
                                        if(NameOfThing != thingName){
                                        
                                        params = {
                                        	name: thingName  /* STRING */,
                                        	description: undefined /* STRING */,
                                        	thingTemplateName: "MeasurementBaseThingTemplate" /* THINGTEMPLATENAME */,
                                        	tags: "DassaultAviation:TemperatureHumidity" /* TAGS */
                                        };
                                        
                                         //no return
                                        Resources["EntityServices"].CreateThing(params);
                                        Things[thingName].EnableThing();
                                        
                                        var params1 = {
                                        	name: thingName /* THINGNAME */,
                                        	thingShapeName: "HumidityThingShape" /* THINGSHAPENAME */
                                        };
                                        
                                        // no return
                                        Resources["EntityServices"].AddShapeToThing(params1);
                                        Things[thingName].SetValueStream({
                                        	name: "MeasurementPoint1ValueStream" /* THINGNAME */
                                        });
                                        Things[thingName].RestartThing();
                                        result=thingName;
                                        }else if(NameOfThing==thingName){
                                            var newThingName = me.CreateMeasurementThing();
                                            // result: THINGNAME
                                        result = newThingName;
                                        }
                                        ]]>
                                        </code>
                                    </Row>
                                </Rows>
                            </ConfigurationTable>
                        </ConfigurationTables>
                    </ServiceImplementation>
                    <ServiceImplementation
                     description=""
                     handlerName="Script"
                     name="DeleteMeasurePoint">
                        <ConfigurationTables>
                            <ConfigurationTable
                             dataShapeName=""
                             description=""
                             isMultiRow="false"
                             name="Script"
                             ordinal="0">
                                <DataShape>
                                    <FieldDefinitions>
                                        <FieldDefinition
                                         baseType="STRING"
                                         description="code"
                                         name="code"
                                         ordinal="0"></FieldDefinition>
                                    </FieldDefinitions>
                                </DataShape>
                                <Rows>
                                    <Row>
                                        <code>
                                        <![CDATA[
                                        // Provide your filter using the format as described in the help topic "Query Parameter for Query Services"
                                        var query = {
                                         "filters": {
                                           "type": "EQ",
                                           "fieldName": "MeasurementDisplayName",
                                           "value": measurementDisplayName
                                         }
                                        };
                                        
                                        // result: INFOTABLE dataShape: ""
                                        var details = Things["SensorData_DT"].QueryDataTableEntries({
                                        	maxItems: undefined /* NUMBER */,
                                        	values: undefined /* INFOTABLE */,
                                        	query: query /* QUERY */,
                                        	source: undefined /* STRING */,
                                        	tags: undefined /* TAGS */
                                        });
                                        if(details.rows.length!=0){
                                            var thingName=details.rows[0].MeasurementID;
                                          if (thingName!=null){
                                              
                                        var params = {
                                        	name: thingName /* THINGNAME */
                                        };
                                        
                                        // no return
                                        Resources["EntityServices"].DeleteThing(params);
                                        
                                        
                                          } 
                                        }
                                        // Provide your filter using the format as described in the help topic "Query Parameter for Query Services"
                                        //var query = {
                                        // "filters": {
                                        //   "type": "EQ",
                                        //   "fieldName": "MeasurementDisplayName",
                                        //   "value": measurementDisplayName
                                        // }
                                        //};
                                        
                                        Things["SensorData_DT"].DeleteDataTableEntriesWithQuery({
                                        	sourceType: undefined /* STRING */,
                                        	values: undefined /* INFOTABLE */,
                                        	query: query /* QUERY */,
                                        	location: undefined /* LOCATION */,
                                        	source: undefined /* STRING */,
                                        	tags: undefined /* TAGS */
                                        });
                                        ]]>
                                        </code>
                                    </Row>
                                </Rows>
                            </ConfigurationTable>
                        </ConfigurationTables>
                    </ServiceImplementation>
                    <ServiceImplementation
                     description=""
                     handlerName="Script"
                     name="GetListOfStreamId">
                        <ConfigurationTables>
                            <ConfigurationTable
                             dataShapeName=""
                             description=""
                             isMultiRow="false"
                             name="Script"
                             ordinal="0">
                                <DataShape>
                                    <FieldDefinitions>
                                        <FieldDefinition
                                         baseType="STRING"
                                         description="code"
                                         name="code"
                                         ordinal="0"></FieldDefinition>
                                    </FieldDefinitions>
                                </DataShape>
                                <Rows>
                                    <Row>
                                        <code>
                                        <![CDATA[
                                        // result: INFOTABLE dataShape: ""
                                        var ListOfStreamId = Things["SensorData_DT"].GetDataTableEntries({
                                        	maxItems: undefined /* NUMBER */
                                        });
                                        
                                        var result = ListOfStreamId.rows[0].StreamId;
                                        ]]>
                                        </code>
                                    </Row>
                                </Rows>
                            </ConfigurationTable>
                        </ConfigurationTables>
                    </ServiceImplementation>
                    <ServiceImplementation
                     description=""
                     handlerName="Script"
                     name="GetListOfStreamIdFromLiveObject">
                        <ConfigurationTables>
                            <ConfigurationTable
                             dataShapeName=""
                             description=""
                             isMultiRow="false"
                             name="Script"
                             ordinal="0">
                                <DataShape>
                                    <FieldDefinitions>
                                        <FieldDefinition
                                         baseType="STRING"
                                         description="code"
                                         name="code"
                                         ordinal="0"></FieldDefinition>
                                    </FieldDefinitions>
                                </DataShape>
                                <Rows>
                                    <Row>
                                        <code>
                                        <![CDATA[
                                        var params = {
                                            infoTableName : "InfoTable",
                                            dataShapeName : "StreamDetails_DS"
                                        };
                                        
                                        // CreateInfoTableFromDataShape(infoTableName:STRING("InfoTable"), dataShapeName:STRING):INFOTABLE(StreamDetails_DS)
                                        var streamDetailsInfo = Resources["InfoTableFunctions"].CreateInfoTableFromDataShape(params);
                                        var apiKey = { "X-API-KEY":"c88a9c98abcc4a79afd2fb289f91c6eb" /*Headers*/};
                                        var prm = {
                                            //url: "https://liveobjects.orange-business.com/api/v0/data/streams/urn:lo:nsid:lora:C83B45AD18039173",
                                            url: "https://liveobjects.orange-business.com/api/v1/deviceMgt/devices",
                                            //url: "https://liveobjects.orange-business.com/api/v0/data/streams/urn:lo:nsid:lora:70B3D59BA000A0F7",
                                            headers : apiKey,
                                            timeout: 60 /* NUMBER */
                                        };
                                            json = Resources["ContentLoaderFunctions"].GetJSON(prm); 
                                        var temp = new Object();
                                        for(var count = 0;count<json.array.length;count++){
                                            temp.StreamId = json.array[count].id;
                                            temp.Name = json.array[count].name;
                                            temp.Group = json.array[count].group.id;
                                            streamDetailsInfo.AddRow(temp);
                                        }
                                        Things["StreamDetails_DT"].AddOrUpdateDataTableEntries({
                                        	sourceType: undefined /* STRING */,
                                        	values: streamDetailsInfo /* INFOTABLE */,
                                        	location: undefined /* LOCATION */,
                                        	source: undefined /* STRING */,
                                        	tags: undefined /* TAGS */
                                        });
                                        var result = streamDetailsInfo;
                                        ]]>
                                        </code>
                                    </Row>
                                </Rows>
                            </ConfigurationTable>
                        </ConfigurationTables>
                    </ServiceImplementation>
                    <ServiceImplementation
                     description=""
                     handlerName="Script"
                     name="GetListOfThing">
                        <ConfigurationTables>
                            <ConfigurationTable
                             dataShapeName=""
                             description=""
                             isMultiRow="false"
                             name="Script"
                             ordinal="0">
                                <DataShape>
                                    <FieldDefinitions>
                                        <FieldDefinition
                                         baseType="STRING"
                                         description="code"
                                         name="code"
                                         ordinal="0"></FieldDefinition>
                                    </FieldDefinitions>
                                </DataShape>
                                <Rows>
                                    <Row>
                                        <code>
                                        <![CDATA[
                                        //var params = {
                                        //	maxItems: undefined /* NUMBER */,
                                        //	nameMask:undefined /* STRING */,
                                        //	type: "Project"/* STRING */,
                                        //	tags: undefined /* TAGS */
                                        //};
                                        //
                                        //// result: INFOTABLE dataShape: RootEntityList
                                        //var result = Resources["EntityServices"].GetEntityList(params);
                                        //
                                        
                                        
                                        // result: INFOTABLE dataShape: "RootEntityList"
                                        var result = ThingTemplates["MeasurementBaseThingTemplate"].GetImplementingThings();
                                        ]]>
                                        </code>
                                    </Row>
                                </Rows>
                            </ConfigurationTable>
                        </ConfigurationTables>
                    </ServiceImplementation>
                    <ServiceImplementation
                     description=""
                     handlerName="Script"
                     name="GetSensorDetails">
                        <ConfigurationTables>
                            <ConfigurationTable
                             dataShapeName=""
                             description=""
                             isMultiRow="false"
                             name="Script"
                             ordinal="0">
                                <DataShape>
                                    <FieldDefinitions>
                                        <FieldDefinition
                                         baseType="STRING"
                                         description="code"
                                         name="code"
                                         ordinal="0"></FieldDefinition>
                                    </FieldDefinitions>
                                </DataShape>
                                <Rows>
                                    <Row>
                                        <code>
                                        <![CDATA[
                                        var json;
                                        var apiKey = {
                                        	"X-API-KEY": "c88a9c98abcc4a79afd2fb289f91c6eb" /*Headers*/
                                        };
                                        var prm = {
                                        	// url: "https://liveobjects.orange-business.com/api/v0/data/streams/urn:lo:nsid:lora:20635F0131000384",
                                        	url: "https://liveobjects.orange-business.com/api/v0/data/streams/" + streamId,
                                        	headers: apiKey,
                                        	timeout: 60 /* NUMBER */
                                        };
                                        json = Resources["ContentLoaderFunctions"].GetJSON(prm);
                                        
                                        me.UpdateSensorData({
                                        	SensorInfor: json /* JSON */
                                        });
                                        logger.info("Processing stream id" + streamId);
                                        result = json;
                                        ]]>
                                        </code>
                                    </Row>
                                </Rows>
                            </ConfigurationTable>
                        </ConfigurationTables>
                    </ServiceImplementation>
                    <ServiceImplementation
                     description=""
                     handlerName="Script"
                     name="MapMeasurementDetails">
                        <ConfigurationTables>
                            <ConfigurationTable
                             dataShapeName=""
                             description=""
                             isMultiRow="false"
                             name="Script"
                             ordinal="0">
                                <DataShape>
                                    <FieldDefinitions>
                                        <FieldDefinition
                                         baseType="STRING"
                                         description="code"
                                         name="code"
                                         ordinal="0"></FieldDefinition>
                                    </FieldDefinitions>
                                </DataShape>
                                <Rows>
                                    <Row>
                                        <code>
                                        <![CDATA[
                                        var ListOfStreamId = Things["StreamDetails_DT"].GetDataTableEntries({
                                        	maxItems: undefined /* NUMBER */
                                        });
                                        var json;
                                        for (var count = 0; count < ListOfStreamId.rows.length; count++) {
                                        	var sId = ListOfStreamId.rows[count].StreamId;
                                        	logger.info("Stream id" + sId);
                                        	// result: JSON
                                        	var sensor_details = me.GetSensorDetails({
                                        		streamId: sId /* STRING */
                                        	});
                                        	if (sensor_details.array.length != 0) {
                                        
                                        		// result: STRING
                                        		var thing_name = Things["UtilThing"].GetListOfThing({
                                        			ThingTemplateName: "MeasurementBaseThingTemplate" /* STRING */
                                        		});
                                        		var name;
                                        		var streamId;
                                        		var temp = JSON.parse(thing_name);
                                        		// result: INFOTABLE dataShape: "SensorData_DS"
                                        		var SensorNameInfo = me.test({
                                        			StreamId: sensor_details.array[0].streamId /* STRING */
                                        		});
                                        		logger.info("Sensor info length: " + SensorNameInfo.rows.length + "  streamId: " + sensor_details.array[0].streamId);
                                        		for (var z = 0; z < SensorNameInfo.rows.length; z++) {
                                        
                                        			var sensor_name = SensorNameInfo.rows[z].MeasurementID;
                                        			logger.info("MMD: Sensor name: " + sensor_name);
                                        
                                        			for (var x = 0; x < temp.length; x++) {
                                        				name = temp[x];
                                        
                                        				if (name == sensor_name) {
                                        					var currentTime = Date.now();
                                        
                                        					// date2:DATETIME
                                        					var currentSensorTime = new Date(sensor_details.array[0].timestamp);
                                        					// dateDifference(date1:DATETIME, date2:DATETIME):NUMBER
                                        					var difference = (dateDifference(currentTime, currentSensorTime)) / 60000;
                                        					if (difference > Things[sensor_name].CommunicationIntervalTime) {
                                        						Things[sensor_name].isConnected = false;
                                        					} else {
                                        						Things[sensor_name].isConnected = true;
                                        					}
                                        					logger.info("Sensor name status: " + sensor_name + " " + Things[sensor_name].isConnected);
                                        					for (var y = 0; y < sensor_details.array.length; y++) {
                                        
                                        						tempValue = sensor_details.array[y];
                                        						if (tempValue != null && tempValue != undefined && tempValue != "") {
                                        							var formattedTimestamp = new Date(tempValue.timestamp);
                                        							// result: STRING
                                        							var has_entry = me.ValidateDetails({
                                        								TimeStamp: formattedTimestamp /* STRING */ ,
                                        								SensorName: sensor_name /* STRING */
                                        							});
                                        
                                        							if (has_entry == "false") {
                                        
                                        								Things[sensor_name].TimeStamp = formattedTimestamp;
                                        								if (tempValue.value.temperature != null && tempValue.value.temperature != undefined && tempValue.value.temperature != "") {
                                        									if (tempValue.value.temperature.currentTemperature != null && tempValue.value.temperature.currentTemperature != undefined && tempValue.value.temperature.currentTemperature != "") {
                                        										//logger.warn("temp value :" + tempValue.value.temperature.currentTemperature.values[1]);
                                        										if (tempValue.value.temperature.currentTemperature.values[0] != null && tempValue.value.temperature.currentTemperature.values[0] != undefined && tempValue.value.temperature.currentTemperature.values[0] != "") {
                                        											Things[sensor_name].Temperature = tempValue.value.temperature.currentTemperature.values[0];
                                        											Things[sensor_name].Humidity = 0;
                                        										}
                                        									} else if (tempValue.value.humidity != null && tempValue.value.humidity != undefined && tempValue.value.humidity != "") {
                                        										Things[sensor_name].Temperature = tempValue.value.temperature.value;
                                        										Things[sensor_name].Humidity = tempValue.value.humidity.value;
                                        									} else if (tempValue.value.temperature != null && tempValue.value.battery != null && tempValue.value.temperature != undefined && tempValue.value.battery != undefined && tempValue.value.temperature != "" && tempValue.value.battery != "") {
                                        										Things[sensor_name].Temperature = tempValue.value.temperature.value;
                                        										Things[sensor_name].Battery = tempValue.value.battery.value;
                                        									}
                                        								} else if (tempValue.value.standbyBatteryVoltage != null && tempValue.value.transmissionBatteryVoltage != null && tempValue.value.standbyBatteryVoltage != undefined && tempValue.value.transmissionBatteryVoltage != undefined && tempValue.value.standbyBatteryVoltage != "" && tempValue.value.transmissionBatteryVoltage != "") {
                                        									Things[sensor_name].StandbyBatteryVoltage = tempValue.value.standbyBatteryVoltage.value;
                                        									Things[sensor_name].TransmissionBatteryVoltage = tempValue.value.transmissionBatteryVoltage.value;
                                        								}
                                        							}
                                        						}
                                        					}
                                        				}
                                        			}
                                        			logger.info("Updated temperature and humidity values for " + sensor_name);
                                        			result = sensor_name;
                                        		}
                                        	}
                                        }
                                        ]]>
                                        </code>
                                    </Row>
                                </Rows>
                            </ConfigurationTable>
                        </ConfigurationTables>
                    </ServiceImplementation>
                    <ServiceImplementation
                     description=""
                     handlerName="Script"
                     name="NewMeasurePoint">
                        <ConfigurationTables>
                            <ConfigurationTable
                             dataShapeName=""
                             description=""
                             isMultiRow="false"
                             name="Script"
                             ordinal="0">
                                <DataShape>
                                    <FieldDefinitions>
                                        <FieldDefinition
                                         baseType="STRING"
                                         description="code"
                                         name="code"
                                         ordinal="0"></FieldDefinition>
                                    </FieldDefinitions>
                                </DataShape>
                                <Rows>
                                    <Row>
                                        <code>
                                        <![CDATA[
                                        var ListOfStreamId = Things["SensorData_DT"].GetDataTableEntries({
                                        	maxItems: undefined /* NUMBER */
                                        });
                                        var json;
                                        var measurementName;
                                        var isAdded = false;
                                        
                                        if (!isAdded) {
                                        	var params = {
                                        		infoTableName: "InfoTable",
                                        		dataShapeName: "SensorData_DS"
                                        	};
                                        	var sensorInfoTable = Resources["InfoTableFunctions"].CreateInfoTableFromDataShape(params);
                                        	var sensorEntry = new Object();
                                        	sensorEntry.StreamId = newStreamId;
                                        	measurementName = me.CreateMeasurementThing();
                                        	sensorEntry.MeasurementID = measurementName;
                                        	sensorEntry.BuildingName = buildingName;
                                        	sensorEntry.MeasurementDisplayName = measurementDisplayName;
                                        	sensorEntry.MPFamily = family;
                                        	// id: STRING
                                        	sensorInfoTable.AddRow(sensorEntry);
                                        	var id = Things["SensorData_DT"].AddDataTableEntry({
                                        		sourceType: undefined /* STRING */ ,
                                        		values: sensorInfoTable /* INFOTABLE */ ,
                                        		location: undefined /* LOCATION */ ,
                                        		source: undefined /* STRING */ ,
                                        		tags: undefined /* TAGS */
                                        	});
                                        	// result: STRING
                                        }
                                        var result = measurementName;
                                        ]]>
                                        </code>
                                    </Row>
                                </Rows>
                            </ConfigurationTable>
                        </ConfigurationTables>
                    </ServiceImplementation>
                    <ServiceImplementation
                     description=""
                     handlerName="Script"
                     name="QueryData">
                        <ConfigurationTables>
                            <ConfigurationTable
                             dataShapeName=""
                             description=""
                             isMultiRow="false"
                             name="Script"
                             ordinal="0">
                                <DataShape>
                                    <FieldDefinitions>
                                        <FieldDefinition
                                         baseType="STRING"
                                         description="code"
                                         name="code"
                                         ordinal="0"></FieldDefinition>
                                    </FieldDefinitions>
                                </DataShape>
                                <Rows>
                                    <Row>
                                        <code>
                                        <![CDATA[
                                        // Provide your filter using the format as described in the help topic "Query Parameter for Query Services"
                                        var query = {
                                         "filters": {
                                           "type": "EQ",
                                           "fieldName": "StreamId",
                                           "value": StreamId
                                         }
                                        };
                                         // result: INFOTABLE dataShape: ""
                                        var detail = Things["SensorData_DT"].SearchDataTableEntries({
                                        	maxItems: undefined /* NUMBER */,
                                        	searchExpression: undefined /* STRING */,
                                        	query: query /* QUERY */,
                                        	source: undefined /* STRING */,
                                        	tags: undefined /* TAGS */
                                        });
                                        if(detail!=null || detail==undefined || detail==""){
                                            result="true";
                                        }else{
                                            result="false";
                                        }
                                        ]]>
                                        </code>
                                    </Row>
                                </Rows>
                            </ConfigurationTable>
                        </ConfigurationTables>
                    </ServiceImplementation>
                    <ServiceImplementation
                     description=""
                     handlerName="Script"
                     name="test">
                        <ConfigurationTables>
                            <ConfigurationTable
                             dataShapeName=""
                             description=""
                             isMultiRow="false"
                             name="Script"
                             ordinal="0">
                                <DataShape>
                                    <FieldDefinitions>
                                        <FieldDefinition
                                         baseType="STRING"
                                         description="code"
                                         name="code"
                                         ordinal="0"></FieldDefinition>
                                    </FieldDefinitions>
                                </DataShape>
                                <Rows>
                                    <Row>
                                        <code>
                                        <![CDATA[
                                        var query = {
                                        	"filters": {
                                        		"type": "EQ",
                                        		"fieldName": "StreamId",
                                        		"value": StreamId
                                        
                                        	}
                                        };
                                        
                                        // result: INFOTABLE dataShape: ""
                                        var data = Things["SensorData_DT"].QueryDataTableEntries({
                                        	maxItems: undefined /* NUMBER */ ,
                                        	values: undefined /* INFOTABLE */ ,
                                        	query: query /* QUERY */ ,
                                        	source: undefined /* STRING */ ,
                                        	tags: undefined /* TAGS */
                                        });
                                        if (data.getRowCount() == 0) {
                                        	result = data;
                                        } else {
                                        	result = data;
                                        }
                                        ]]>
                                        </code>
                                    </Row>
                                </Rows>
                            </ConfigurationTable>
                        </ConfigurationTables>
                    </ServiceImplementation>
                    <ServiceImplementation
                     description=""
                     handlerName="Script"
                     name="UpdateSensorData">
                        <ConfigurationTables>
                            <ConfigurationTable
                             dataShapeName=""
                             description=""
                             isMultiRow="false"
                             name="Script"
                             ordinal="0">
                                <DataShape>
                                    <FieldDefinitions>
                                        <FieldDefinition
                                         baseType="STRING"
                                         description="code"
                                         name="code"
                                         ordinal="0"></FieldDefinition>
                                    </FieldDefinitions>
                                </DataShape>
                                <Rows>
                                    <Row>
                                        <code>
                                        <![CDATA[
                                        var params = {
                                        	infoTableName: "InfoTable",
                                        	dataShapeName: "SensorData_DS"
                                        };
                                        
                                        // CreateInfoTableFromDataShape(infoTableName:STRING("InfoTable"), dataShapeName:STRING):INFOTABLE(SensorData_DS)
                                        var sensorInfoTable = Resources["InfoTableFunctions"].CreateInfoTableFromDataShape(params);
                                        var sensorEntry = new Object();
                                        // result: INFOTABLE dataShape: ""
                                        var measurement_name = me.GetListOfThing({
                                        	ThingTemplateName: "MeasurementBaseThingTemplate" /* STRING */
                                        });
                                        
                                        if (SensorInfor.array.length != 0) {
                                        	// result: INFOTABLE dataShape: "SensorData_DS"
                                        	var SensorNameInfo = me.test({
                                        		StreamId: SensorInfor.array[0].streamId /* STRING */
                                        	});
                                        	var measurementThing_name;
                                        	if (SensorNameInfo.rows.length == 0) {
                                        		// result: THINGNAME
                                        		measurementThing_name = me.CreateMeasurementThing();
                                        		for (var x = 0; x < 1; x++) {
                                        			var tempValue = SensorInfor.array[x];
                                        			if (tempValue != null && tempValue.id != null && tempValue.model != null) {
                                        				sensorEntry.StreamId = tempValue.streamId;
                                        				sensorEntry.MeasurementID = measurementThing_name;
                                        				sensorEntry.BuildingName = "Building01S03";
                                        				sensorEntry.MeasurementDisplayName = "MP_TEST";
                                        				sensorInfoTable.AddRow(sensorEntry);
                                        			}
                                        		}
                                        		Things["SensorData_DT"].AddOrUpdateDataTableEntries({
                                        			sourceType: undefined /* STRING */ ,
                                        			values: sensorInfoTable /* INFOTABLE */ ,
                                        			location: undefined /* LOCATION */ ,
                                        			source: undefined /* STRING */ ,
                                        			tags: undefined /* TAGS */
                                        		});
                                        	}
                                        	var result = measurementThing_name;
                                        }
                                        ]]>
                                        </code>
                                    </Row>
                                </Rows>
                            </ConfigurationTable>
                        </ConfigurationTables>
                    </ServiceImplementation>
                    <ServiceImplementation
                     description=""
                     handlerName="Script"
                     name="ValidateDetails">
                        <ConfigurationTables>
                            <ConfigurationTable
                             dataShapeName=""
                             description=""
                             isMultiRow="false"
                             name="Script"
                             ordinal="0">
                                <DataShape>
                                    <FieldDefinitions>
                                        <FieldDefinition
                                         baseType="STRING"
                                         description="code"
                                         name="code"
                                         ordinal="0"></FieldDefinition>
                                    </FieldDefinitions>
                                </DataShape>
                                <Rows>
                                    <Row>
                                        <code>
                                        <![CDATA[
                                        var query = {
                                        	"filters": {
                                        		"type": "EQ",
                                        		"fieldName": "value",
                                        		"value": TimeStamp
                                        	}
                                        };
                                        
                                        // result: INFOTABLE dataShape: "DateTimeValueStream"
                                        var result1 = Things[SensorName].QueryDateTimePropertyHistory({
                                        	oldestFirst: undefined /* BOOLEAN */ ,
                                        	maxItems: undefined /* NUMBER */ ,
                                        	propertyName: "TimeStamp" /* STRING */ ,
                                        	endDate: undefined /* DATETIME */ ,
                                        	query: query /* QUERY */ ,
                                        	startDate: undefined /* DATETIME */
                                        });
                                        
                                        if (result1.getRowCount() == 0) {
                                        	result = "false";
                                        } else {
                                        	var final_result = result1.rows[0].value;
                                        	if (final_result != null) {
                                        		result = "true";
                                        	}
                                        }
                                        ]]>
                                        </code>
                                    </Row>
                                </Rows>
                            </ConfigurationTable>
                        </ConfigurationTables>
                    </ServiceImplementation>
                </ServiceImplementations>
                <Subscriptions>
                    <Subscription
                     description=""
                     enabled="true"
                     eventName="Timer"
                     name="GetStreamIdList"
                     source="TimerThing"
                     sourceProperty=""
                     sourceType="Thing">
                        <ServiceImplementation
                         description=""
                         handlerName="Script"
                         name="GetStreamIdList">
                            <ConfigurationTables>
                                <ConfigurationTable
                                 dataShapeName=""
                                 description=""
                                 isMultiRow="false"
                                 name="Script"
                                 ordinal="0">
                                    <DataShape>
                                        <FieldDefinitions>
                                            <FieldDefinition
                                             baseType="STRING"
                                             description="code"
                                             name="code"
                                             ordinal="0"></FieldDefinition>
                                        </FieldDefinitions>
                                    </DataShape>
                                    <Rows>
                                        <Row>
                                            <code>
                                            <![CDATA[
                                            logger.error("timer subscription for getting the list of stream id's");
                                            // result: STRING
                                            var result = me.GetListOfStreamId();
                                            ]]>
                                            </code>
                                        </Row>
                                    </Rows>
                                </ConfigurationTable>
                            </ConfigurationTables>
                        </ServiceImplementation>
                    </Subscription>
                    <Subscription
                     description=""
                     enabled="true"
                     eventName="Timer"
                     name="testing1"
                     source="TimerThing"
                     sourceProperty=""
                     sourceType="Thing">
                        <ServiceImplementation
                         description=""
                         handlerName="Script"
                         name="testing1">
                            <ConfigurationTables>
                                <ConfigurationTable
                                 dataShapeName=""
                                 description=""
                                 isMultiRow="false"
                                 name="Script"
                                 ordinal="0">
                                    <DataShape>
                                        <FieldDefinitions>
                                            <FieldDefinition
                                             baseType="STRING"
                                             description="code"
                                             name="code"
                                             ordinal="0"></FieldDefinition>
                                        </FieldDefinitions>
                                    </DataShape>
                                    <Rows>
                                        <Row>
                                            <code>
                                            <![CDATA[
                                            logger.error("timer subscription");
                                            // result: STRING
                                            var result = me.MapMeasurementDetails();
                                            ]]>
                                            </code>
                                        </Row>
                                    </Rows>
                                </ConfigurationTable>
                            </ConfigurationTables>
                        </ServiceImplementation>
                    </Subscription>
                </Subscriptions>
            </ThingShape>
            <PropertyBindings></PropertyBindings>
            <RemotePropertyBindings></RemotePropertyBindings>
            <RemoteServiceBindings></RemoteServiceBindings>
            <RemoteEventBindings></RemoteEventBindings>
            <AlertConfigurations>
                <AlertDefinitions
                 name="Temperature">
                    <AlertDefinition
                     alertType="Above"
                     description=""
                     enabled="true"
                     name="TemperatureMaxAlert"
                     priority="1"
                     propertyBaseType="NUMBER">
                        <AlertAttributes>
                            <DataShape>
                                <FieldDefinitions>
                                    <FieldDefinition
                                     aspect.friendlyName="Limit"
                                     aspect.isRequired="true"
                                     baseType="NUMBER"
                                     description="Limit to compare"
                                     name="limit"
                                     ordinal="0"></FieldDefinition>
                                    <FieldDefinition
                                     aspect.defaultValue="true"
                                     aspect.friendlyName="Include Limit?"
                                     aspect.isRequired="false"
                                     baseType="BOOLEAN"
                                     description="Limit includes value"
                                     name="limitInclusive"
                                     ordinal="1"></FieldDefinition>
                                </FieldDefinitions>
                            </DataShape>
                            <Rows>
                                <Row>
                                    <limit>25.0</limit>
                                    <limitInclusive>true</limitInclusive>
                                </Row>
                            </Rows>
                        </AlertAttributes>
                    </AlertDefinition>
                </AlertDefinitions>
            </AlertConfigurations>
            <ImplementedShapes></ImplementedShapes>
            <ThingProperties></ThingProperties>
        </Thing>
    </Things>
</Entities>
