<?xml version="1.0" encoding="UTF-8"?>
<Entities
 majorVersion="9"
 minorVersion="2"
 universal="">
    <Things>
        <Thing
         description=""
         documentationContent=""
         effectiveThingPackage="DataTableThing"
         enabled="true"
         homeMashup="DataTableEditor"
         identifier=""
         inheritedValueStream=""
         name="MeasurementPointFamily_DT"
         projectName="DassaultAviationPoC"
         published="false"
         tags="DassaultAviation:TemperatureHumidity"
         thingTemplate="DataTable"
         valueStream="">
            <avatar></avatar>
            <DesignTimePermissions>
                <Create></Create>
                <Read></Read>
                <Update></Update>
                <Delete></Delete>
                <Metadata></Metadata>
            </DesignTimePermissions>
            <RunTimePermissions>
                <Permissions
                 resourceName="*">
                    <PropertyRead>
                        <Principal
                         isPermitted="true"
                         name="DigitalTwinUsers"
                         type="Group"></Principal>
                    </PropertyRead>
                    <PropertyWrite>
                        <Principal
                         isPermitted="true"
                         name="DigitalTwinUsers"
                         type="Group"></Principal>
                    </PropertyWrite>
                    <ServiceInvoke>
                        <Principal
                         isPermitted="true"
                         name="DigitalTwinUsers"
                         type="Group"></Principal>
                    </ServiceInvoke>
                    <EventInvoke>
                        <Principal
                         isPermitted="true"
                         name="DigitalTwinUsers"
                         type="Group"></Principal>
                    </EventInvoke>
                    <EventSubscribe>
                        <Principal
                         isPermitted="true"
                         name="DigitalTwinUsers"
                         type="Group"></Principal>
                    </EventSubscribe>
                </Permissions>
            </RunTimePermissions>
            <VisibilityPermissions>
                <Visibility>
                    <Principal
                     isPermitted="true"
                     name="DigitalTwinDevelopers"
                     type="Organization"></Principal>
                </Visibility>
            </VisibilityPermissions>
            <ConfigurationTableDefinitions></ConfigurationTableDefinitions>
            <ConfigurationTables>
                <ConfigurationTable
                 dataShapeName=""
                 description="Data Thing Configuration"
                 isMultiRow="false"
                 name="DataThingSettings"
                 ordinal="0">
                    <DataShape>
                        <FieldDefinitions>
                            <FieldDefinition
                             baseType="STRING"
                             description="Persistence Provider Name"
                             name="persistenceProvider"
                             ordinal="0"></FieldDefinition>
                        </FieldDefinitions>
                    </DataShape>
                    <Rows>
                        <Row>
                            <persistenceProvider>
                            <![CDATA[
                            ThingworxPersistenceProvider
                            ]]>
                            </persistenceProvider>
                        </Row>
                    </Rows>
                </ConfigurationTable>
                <ConfigurationTable
                 dataShapeName=""
                 description="Data Shape Configuration"
                 isMultiRow="false"
                 name="Settings"
                 ordinal="0">
                    <DataShape>
                        <FieldDefinitions>
                            <FieldDefinition
                             aspect.friendlyName="Data Shape"
                             baseType="DATASHAPENAME"
                             description="Data shape"
                             name="dataShape"
                             ordinal="0"></FieldDefinition>
                        </FieldDefinitions>
                    </DataShape>
                    <Rows>
                        <Row>
                            <accumulatedDataShape>
                                <json>
                                <![CDATA[
                                {"fieldDefinitions":{"RandomKey":{"name":"RandomKey","aspects":{"isDeleted":true,"isPrimaryKey":true},"description":"","baseType":"NUMBER","ordinal":9},"alertType":{"name":"alertType","aspects":{"isDeleted":true,"isPrimaryKey":false},"description":"","baseType":"STRING","ordinal":2},"alertName":{"name":"alertName","aspects":{"isDeleted":true,"isPrimaryKey":false},"description":"","baseType":"STRING","ordinal":10},"propertyName":{"name":"propertyName","aspects":{"isDeleted":true,"isPrimaryKey":false},"description":"","baseType":"STRING","ordinal":11},"BuildingName":{"name":"BuildingName","aspects":{"isPrimaryKey":true},"description":"","baseType":"STRING","ordinal":0},"limitInclusive":{"name":"limitInclusive","aspects":{"isDeleted":true,"isPrimaryKey":false},"description":"","baseType":"BOOLEAN","ordinal":6},"limit":{"name":"limit","aspects":{"isDeleted":true,"isPrimaryKey":false},"description":"","baseType":"NUMBER","ordinal":5},"name":{"name":"name","aspects":{"isDeleted":true,"isPrimaryKey":false},"description":"","baseType":"STRING","ordinal":7},"Family":{"name":"Family","aspects":{"isPrimaryKey":true},"description":"","baseType":"STRING","ordinal":1},"description":{"name":"description","aspects":{"isDeleted":true,"isPrimaryKey":false},"description":"","baseType":"STRING","ordinal":3},"priority":{"name":"priority","aspects":{"isDeleted":true,"isPrimaryKey":false},"description":"","baseType":"INTEGER","ordinal":8},"enabled":{"name":"enabled","aspects":{"isDeleted":true,"isPrimaryKey":false},"description":"","baseType":"BOOLEAN","ordinal":4}}}
                                ]]>
                                </json>
                            </accumulatedDataShape>
                            <dataShape>
                            <![CDATA[
                            MeasurementPointFamily_DS
                            ]]>
                            </dataShape>
                        </Row>
                    </Rows>
                </ConfigurationTable>
                <ConfigurationTable
                 dataShapeName=""
                 description="Index Settings"
                 isMultiRow="true"
                 name="Indexes"
                 ordinal="1">
                    <DataShape>
                        <FieldDefinitions>
                            <FieldDefinition
                             aspect.friendlyName="Index Field Names"
                             baseType="STRING"
                             description="Index fields"
                             name="fieldNames"
                             ordinal="1"></FieldDefinition>
                            <FieldDefinition
                             aspect.friendlyName="Index Name"
                             baseType="STRING"
                             description="Index name"
                             name="name"
                             ordinal="0"></FieldDefinition>
                        </FieldDefinitions>
                    </DataShape>
                    <Rows></Rows>
                </ConfigurationTable>
            </ConfigurationTables>
            <ThingShape>
                <PropertyDefinitions></PropertyDefinitions>
                <ServiceDefinitions>
                    <ServiceDefinition
                     aspect.isAsync="false"
                     category=""
                     description=""
                     isAllowOverride="false"
                     isLocalOnly="false"
                     isOpen="false"
                     isPrivate="false"
                     name="AddDataTableEntryInMFDt">
                        <ResultType
                         baseType="NOTHING"
                         description=""
                         name="result"
                         ordinal="0"></ResultType>
                        <ParameterDefinitions>
                            <FieldDefinition
                             aspect.isRequired="true"
                             baseType="STRING"
                             description=""
                             name="BuildingName"
                             ordinal="1"></FieldDefinition>
                            <FieldDefinition
                             aspect.isRequired="true"
                             baseType="STRING"
                             description=""
                             name="Family"
                             ordinal="2"></FieldDefinition>
                        </ParameterDefinitions>
                    </ServiceDefinition>
                </ServiceDefinitions>
                <EventDefinitions></EventDefinitions>
                <ServiceMappings></ServiceMappings>
                <ServiceImplementations>
                    <ServiceImplementation
                     description=""
                     handlerName="Script"
                     name="AddDataTableEntryInMFDt">
                        <ConfigurationTables>
                            <ConfigurationTable
                             dataShapeName=""
                             description=""
                             isMultiRow="false"
                             name="Script"
                             ordinal="0">
                                <DataShape>
                                    <FieldDefinitions>
                                        <FieldDefinition
                                         baseType="STRING"
                                         description="code"
                                         name="code"
                                         ordinal="0"></FieldDefinition>
                                    </FieldDefinitions>
                                </DataShape>
                                <Rows>
                                    <Row>
                                        <code>
                                        <![CDATA[
                                        // values:INFOTABLE(Datashape: MeasurementPointFamily_DS)
                                        var values = Things["MeasurementPointFamily_DT"].CreateValues();
                                        values.BuildingName = BuildingName; // STRING [Primary Key]
                                        values.Family = Family; // STRING [Primary Key]
                                        //values.RandomKey=Math.floor(Math.random()*100)+1;  // STRING [Primary Key]
                                        var params = {
                                        	tags : undefined,
                                        	source : me.name,
                                        	values : values,
                                        	location : undefined
                                        };
                                        
                                        // AddOrUpdateDataTableEntry(tags:TAGS, source:STRING("me.name"), values:INFOTABLE(MeasurementPointFamily_DT), location:LOCATION):STRING
                                        var id = Things["MeasurementPointFamily_DT"].AddOrUpdateDataTableEntry(params);
                                        ]]>
                                        </code>
                                    </Row>
                                </Rows>
                            </ConfigurationTable>
                        </ConfigurationTables>
                    </ServiceImplementation>
                </ServiceImplementations>
                <Subscriptions></Subscriptions>
            </ThingShape>
            <PropertyBindings></PropertyBindings>
            <RemotePropertyBindings></RemotePropertyBindings>
            <RemoteServiceBindings></RemoteServiceBindings>
            <RemoteEventBindings></RemoteEventBindings>
            <AlertConfigurations></AlertConfigurations>
            <ImplementedShapes></ImplementedShapes>
            <ThingProperties></ThingProperties>
        </Thing>
    </Things>
</Entities>
