<?xml version="1.0" encoding="UTF-8"?>
<Entities
 majorVersion="9"
 minorVersion="2"
 universal="">
    <Things>
        <Thing
         description=""
         documentationContent=""
         effectiveThingPackage="RemoteThing"
         enabled="true"
         homeMashup=""
         identifier=""
         inheritedValueStream=""
         name="QPE3"
         projectName="DassaultAviationPoC"
         published="false"
         tags=""
         thingTemplate="RemoteThing"
         valueStream="LocalQPEStream">
            <avatar></avatar>
            <DesignTimePermissions>
                <Create></Create>
                <Read></Read>
                <Update></Update>
                <Delete></Delete>
                <Metadata></Metadata>
            </DesignTimePermissions>
            <RunTimePermissions>
                <Permissions
                 resourceName="*">
                    <PropertyRead>
                        <Principal
                         isPermitted="true"
                         name="DigitalTwinUsers"
                         type="Group"></Principal>
                    </PropertyRead>
                    <PropertyWrite>
                        <Principal
                         isPermitted="true"
                         name="DigitalTwinUsers"
                         type="Group"></Principal>
                    </PropertyWrite>
                    <ServiceInvoke>
                        <Principal
                         isPermitted="true"
                         name="DigitalTwinUsers"
                         type="Group"></Principal>
                    </ServiceInvoke>
                    <EventInvoke>
                        <Principal
                         isPermitted="true"
                         name="DigitalTwinUsers"
                         type="Group"></Principal>
                    </EventInvoke>
                    <EventSubscribe>
                        <Principal
                         isPermitted="true"
                         name="DigitalTwinUsers"
                         type="Group"></Principal>
                    </EventSubscribe>
                </Permissions>
            </RunTimePermissions>
            <VisibilityPermissions>
                <Visibility>
                    <Principal
                     isPermitted="true"
                     name="DigitalTwinDevelopers"
                     type="Organization"></Principal>
                </Visibility>
            </VisibilityPermissions>
            <ConfigurationTableDefinitions></ConfigurationTableDefinitions>
            <ConfigurationTables>
                <ConfigurationTable
                 dataShapeName=""
                 description="Reporting Settings"
                 isMultiRow="false"
                 name="ReportingConfiguration"
                 ordinal="0">
                    <DataShape>
                        <FieldDefinitions>
                            <FieldDefinition
                             aspect.defaultValue="NotReporting"
                             aspect.isPrimaryKey="true"
                             aspect.isReadOnly="false"
                             aspect.thingTemplate="ReportingStrategy"
                             baseType="THINGNAME"
                             description="Strategy to determine health"
                             name="reportingStrategy"
                             ordinal="1"></FieldDefinition>
                        </FieldDefinitions>
                    </DataShape>
                    <Rows>
                        <Row>
                            <reportingStrategy>
                            <![CDATA[
                            AlwaysOnReporting
                            ]]>
                            </reportingStrategy>
                        </Row>
                    </Rows>
                </ConfigurationTable>
            </ConfigurationTables>
            <ThingShape>
                <PropertyDefinitions>
                    <PropertyDefinition
                     aspect.dataChangeType="VALUE"
                     aspect.isLogged="true"
                     aspect.isPersistent="true"
                     aspect.isReadOnly="true"
                     aspect.isRemote="true"
                     baseType="STRING"
                     category=""
                     description=""
                     isLocalOnly="false"
                     name="QPEChannel_Device1_Block_1_location"
                     ordinal="2"></PropertyDefinition>
                    <PropertyDefinition
                     aspect.dataChangeType="VALUE"
                     aspect.isLogged="true"
                     aspect.isPersistent="true"
                     aspect.isReadOnly="true"
                     aspect.isRemote="true"
                     baseType="STRING"
                     category=""
                     description=""
                     isLocalOnly="false"
                     name="QPEChannel_Device1_Block_1_Payload"
                     ordinal="3"></PropertyDefinition>
                    <PropertyDefinition
                     aspect.dataChangeType="VALUE"
                     aspect.isLogged="true"
                     aspect.isPersistent="true"
                     aspect.isReadOnly="true"
                     aspect.isRemote="true"
                     baseType="INTEGER"
                     category=""
                     description=""
                     isLocalOnly="false"
                     name="QPEChannel_Device1_Block_1_tagID"
                     ordinal="4"></PropertyDefinition>
                </PropertyDefinitions>
                <ServiceDefinitions></ServiceDefinitions>
                <EventDefinitions></EventDefinitions>
                <ServiceMappings></ServiceMappings>
                <ServiceImplementations></ServiceImplementations>
                <Subscriptions>
                    <Subscription
                     description=""
                     enabled="false"
                     eventName="DataChange"
                     name="locationChange"
                     source=""
                     sourceProperty="QPEChannel_Device1_Block_1_location"
                     sourceType="Thing">
                        <ServiceImplementation
                         description=""
                         handlerName="Script"
                         name="locationChange">
                            <ConfigurationTables>
                                <ConfigurationTable
                                 dataShapeName=""
                                 description=""
                                 isMultiRow="false"
                                 name="Script"
                                 ordinal="0">
                                    <DataShape>
                                        <FieldDefinitions>
                                            <FieldDefinition
                                             baseType="STRING"
                                             description="code"
                                             name="code"
                                             ordinal="0"></FieldDefinition>
                                        </FieldDefinitions>
                                    </DataShape>
                                    <Rows>
                                        <Row>
                                            <code>
                                            <![CDATA[
                                            // result: INFOTABLE dataShape: "DA_SVGOverrideGeneric_DS"
                                            //Things["DA_SVGHandler_Thing"].UpdateGenericInfo();
                                            // result: INFOTABLE dataShape: "DA_SVGOverrideGeneric_DS"
                                            Things["DA_SVGHandler_Thing"].GetOverridingDetails();
                                            ]]>
                                            </code>
                                        </Row>
                                    </Rows>
                                </ConfigurationTable>
                            </ConfigurationTables>
                        </ServiceImplementation>
                    </Subscription>
                    <Subscription
                     description=""
                     enabled="false"
                     eventName="AnyDataChange"
                     name="tagChange"
                     source=""
                     sourceProperty=""
                     sourceType="Thing">
                        <ServiceImplementation
                         description=""
                         handlerName="Script"
                         name="tagChange">
                            <ConfigurationTables>
                                <ConfigurationTable
                                 dataShapeName=""
                                 description=""
                                 isMultiRow="false"
                                 name="Script"
                                 ordinal="0">
                                    <DataShape>
                                        <FieldDefinitions>
                                            <FieldDefinition
                                             baseType="STRING"
                                             description="code"
                                             name="code"
                                             ordinal="0"></FieldDefinition>
                                        </FieldDefinitions>
                                    </DataShape>
                                    <Rows>
                                        <Row>
                                            <code></code>
                                        </Row>
                                    </Rows>
                                </ConfigurationTable>
                            </ConfigurationTables>
                        </ServiceImplementation>
                    </Subscription>
                </Subscriptions>
            </ThingShape>
            <PropertyBindings></PropertyBindings>
            <RemotePropertyBindings>
                <RemotePropertyBinding
                 aspect.dataShape=""
                 aspect.industrialDataType="String"
                 aspect.scanRate="1000"
                 aspect.source=""
                 aspect.startType="readEdgeValue"
                 aspect.tagAddress="DA_QPE_Simulator.Device1.taginfo2_csv_Location"
                 aspect.tagType="Static"
                 foldType="NONE"
                 name="QPEChannel_Device1_Block_1_location"
                 pushThreshold="0.0"
                 pushType="VALUE"
                 sourceName=""
                 timeout="0"></RemotePropertyBinding>
                <RemotePropertyBinding
                 aspect.dataShape=""
                 aspect.industrialDataType="String"
                 aspect.scanRate="1000"
                 aspect.source=""
                 aspect.startType="readEdgeValue"
                 aspect.tagAddress="DA_QPE_Simulator.Device1.taginfo2_csv_Payload"
                 aspect.tagType="Static"
                 foldType="NONE"
                 name="QPEChannel_Device1_Block_1_Payload"
                 pushThreshold="0.0"
                 pushType="VALUE"
                 sourceName=""
                 timeout="0"></RemotePropertyBinding>
                <RemotePropertyBinding
                 aspect.dataShape=""
                 aspect.industrialDataType="Long"
                 aspect.scanRate="1000"
                 aspect.source=""
                 aspect.startType="readEdgeValue"
                 aspect.tagAddress="DA_QPE_Simulator.Device1.taginfo2_csv_tagId"
                 aspect.tagType="Static"
                 foldType="NONE"
                 name="QPEChannel_Device1_Block_1_tagID"
                 pushThreshold="0.0"
                 pushType="VALUE"
                 sourceName=""
                 timeout="0"></RemotePropertyBinding>
            </RemotePropertyBindings>
            <RemoteServiceBindings></RemoteServiceBindings>
            <RemoteEventBindings></RemoteEventBindings>
            <AlertConfigurations>
                <AlertDefinitions
                 name="QPEChannel_Device1_Block_1_location"></AlertDefinitions>
                <AlertDefinitions
                 name="QPEChannel_Device1_Block_1_Payload"></AlertDefinitions>
                <AlertDefinitions
                 name="QPEChannel_Device1_Block_1_tagID"></AlertDefinitions>
            </AlertConfigurations>
            <ImplementedShapes>
                <ImplementedShape
                 name="IndustrialThingShape"
                 type="ThingShape"></ImplementedShape>
            </ImplementedShapes>
            <ThingProperties>
                <IndustrialThing>
                    <Value>
                    <![CDATA[
                    DA_Kepware.T
                    ]]>
                    </Value>
                    <Timestamp>2021-05-25T08:47:31.707Z</Timestamp>
                    <Quality>GOOD</Quality>
                </IndustrialThing>
                <reportingLastEvaluation>
                    <Value>2021-06-23T11:04:40.797Z</Value>
                    <Timestamp>2021-06-23T11:04:40.797Z</Timestamp>
                    <Quality>GOOD</Quality>
                </reportingLastEvaluation>
                <reportingLastChange>
                    <Value>2021-06-23T11:04:40.797Z</Value>
                    <Timestamp>2021-06-23T11:04:40.797Z</Timestamp>
                    <Quality>GOOD</Quality>
                </reportingLastChange>
                <lastConnection>
                    <Value>2021-06-23T11:03:58.415Z</Value>
                    <Timestamp>2021-06-23T11:03:58.415Z</Timestamp>
                    <Quality>GOOD</Quality>
                </lastConnection>
                <QPEChannel_Device1_Block_1_Payload>
                    <Value>
                    <![CDATA[
                    tag2Test6
                    ]]>
                    </Value>
                    <Timestamp>2021-06-23T11:04:39.393Z</Timestamp>
                    <Quality>UNKNOWN</Quality>
                </QPEChannel_Device1_Block_1_Payload>
                <QPEChannel_Device1_Block_1_tagID>
                    <Value>2</Value>
                    <Timestamp>2021-06-23T11:03:59.577Z</Timestamp>
                    <Quality>UNKNOWN</Quality>
                </QPEChannel_Device1_Block_1_tagID>
                <QPEChannel_Device1_Block_1_location>
                    <Value>
                    <![CDATA[
                    26,29
                    ]]>
                    </Value>
                    <Timestamp>2021-06-23T11:04:39.393Z</Timestamp>
                    <Quality>UNKNOWN</Quality>
                </QPEChannel_Device1_Block_1_location>
            </ThingProperties>
        </Thing>
    </Things>
</Entities>
