<?xml version="1.0" encoding="UTF-8"?>
<Entities
 majorVersion="9"
 minorVersion="2"
 universal="">
    <Things>
        <Thing
         description=""
         documentationContent=""
         effectiveThingPackage="ConfiguredThing"
         enabled="true"
         homeMashup=""
         identifier=""
         inheritedValueStream=""
         name="SensorThing2"
         projectName="DassaultAviationPoC"
         published="false"
         tags="Applications:DAPoCMar21;DassaultAviation:TemperatureHumidity"
         thingTemplate="MeasurementBaseThingTemplate"
         valueStream="MeasurementPoint1ValueStream">
            <avatar></avatar>
            <DesignTimePermissions>
                <Create></Create>
                <Read></Read>
                <Update></Update>
                <Delete></Delete>
                <Metadata></Metadata>
            </DesignTimePermissions>
            <RunTimePermissions>
                <Permissions
                 resourceName="*">
                    <PropertyRead>
                        <Principal
                         isPermitted="true"
                         name="DigitalTwinUsers"
                         type="Group"></Principal>
                    </PropertyRead>
                    <PropertyWrite>
                        <Principal
                         isPermitted="true"
                         name="DigitalTwinUsers"
                         type="Group"></Principal>
                    </PropertyWrite>
                    <ServiceInvoke>
                        <Principal
                         isPermitted="true"
                         name="DigitalTwinUsers"
                         type="Group"></Principal>
                    </ServiceInvoke>
                    <EventInvoke>
                        <Principal
                         isPermitted="true"
                         name="DigitalTwinUsers"
                         type="Group"></Principal>
                    </EventInvoke>
                    <EventSubscribe>
                        <Principal
                         isPermitted="true"
                         name="DigitalTwinUsers"
                         type="Group"></Principal>
                    </EventSubscribe>
                </Permissions>
            </RunTimePermissions>
            <VisibilityPermissions>
                <Visibility>
                    <Principal
                     isPermitted="true"
                     name="DigitalTwinDevelopers"
                     type="Organization"></Principal>
                </Visibility>
            </VisibilityPermissions>
            <ConfigurationTableDefinitions></ConfigurationTableDefinitions>
            <ConfigurationTables></ConfigurationTables>
            <ThingShape>
                <PropertyDefinitions></PropertyDefinitions>
                <ServiceDefinitions></ServiceDefinitions>
                <EventDefinitions></EventDefinitions>
                <ServiceMappings></ServiceMappings>
                <ServiceImplementations></ServiceImplementations>
                <Subscriptions></Subscriptions>
            </ThingShape>
            <PropertyBindings></PropertyBindings>
            <RemotePropertyBindings></RemotePropertyBindings>
            <RemoteServiceBindings></RemoteServiceBindings>
            <RemoteEventBindings></RemoteEventBindings>
            <AlertConfigurations>
                <AlertDefinitions
                 name="Temperature">
                    <AlertDefinition
                     alertType="Below"
                     description=""
                     enabled="true"
                     name="TemperatureAlertST2"
                     priority="1"
                     propertyBaseType="NUMBER">
                        <AlertAttributes>
                            <DataShape>
                                <FieldDefinitions>
                                    <FieldDefinition
                                     baseType="NUMBER"
                                     description=""
                                     name="limit"
                                     ordinal="0"></FieldDefinition>
                                    <FieldDefinition
                                     baseType="BOOLEAN"
                                     description=""
                                     name="limitInclusive"
                                     ordinal="0"></FieldDefinition>
                                </FieldDefinitions>
                            </DataShape>
                            <Rows>
                                <Row>
                                    <limit>16.0</limit>
                                    <limitInclusive>true</limitInclusive>
                                </Row>
                            </Rows>
                        </AlertAttributes>
                    </AlertDefinition>
                </AlertDefinitions>
            </AlertConfigurations>
            <ImplementedShapes>
                <ImplementedShape
                 name="HumidityThingShape"
                 type="ThingShape"></ImplementedShape>
            </ImplementedShapes>
            <ThingProperties>
                <StreamId>
                    <Value></Value>
                    <Timestamp>1970-01-01T00:00:00.000Z</Timestamp>
                    <Quality>UNKNOWN</Quality>
                </StreamId>
            </ThingProperties>
        </Thing>
    </Things>
</Entities>
