<?xml version="1.0" encoding="UTF-8"?>
<Entities
 majorVersion="9"
 minorVersion="2"
 universal="">
    <Things>
        <Thing
         description=""
         documentationContent=""
         effectiveThingPackage="FileRepositoryThing"
         enabled="true"
         homeMashup=""
         identifier=""
         inheritedValueStream=""
         name="SVGZoneThing"
         projectName="DassaultAviationPoC"
         published="false"
         tags=""
         thingTemplate="SVGZoneTemplate"
         valueStream="">
            <avatar></avatar>
            <DesignTimePermissions>
                <Create></Create>
                <Read></Read>
                <Update></Update>
                <Delete></Delete>
                <Metadata></Metadata>
            </DesignTimePermissions>
            <RunTimePermissions>
                <Permissions
                 resourceName="*">
                    <PropertyRead>
                        <Principal
                         isPermitted="true"
                         name="DigitalTwinUsers"
                         type="Group"></Principal>
                    </PropertyRead>
                    <PropertyWrite>
                        <Principal
                         isPermitted="true"
                         name="DigitalTwinUsers"
                         type="Group"></Principal>
                    </PropertyWrite>
                    <ServiceInvoke>
                        <Principal
                         isPermitted="true"
                         name="DigitalTwinUsers"
                         type="Group"></Principal>
                    </ServiceInvoke>
                    <EventInvoke>
                        <Principal
                         isPermitted="true"
                         name="DigitalTwinUsers"
                         type="Group"></Principal>
                    </EventInvoke>
                    <EventSubscribe>
                        <Principal
                         isPermitted="true"
                         name="DigitalTwinUsers"
                         type="Group"></Principal>
                    </EventSubscribe>
                </Permissions>
            </RunTimePermissions>
            <VisibilityPermissions>
                <Visibility>
                    <Principal
                     isPermitted="true"
                     name="DigitalTwinDevelopers"
                     type="Organization"></Principal>
                </Visibility>
            </VisibilityPermissions>
            <ConfigurationTableDefinitions></ConfigurationTableDefinitions>
            <ConfigurationTables></ConfigurationTables>
            <ThingShape>
                <PropertyDefinitions></PropertyDefinitions>
                <ServiceDefinitions>
                    <ServiceDefinition
                     aspect.isAsync="false"
                     category=""
                     description=""
                     isAllowOverride="false"
                     isLocalOnly="false"
                     isOpen="false"
                     isPrivate="false"
                     name="test">
                        <ResultType
                         aspect.dataShape="Zone_DS"
                         baseType="INFOTABLE"
                         description=""
                         name="result"
                         ordinal="0"></ResultType>
                        <ParameterDefinitions></ParameterDefinitions>
                    </ServiceDefinition>
                </ServiceDefinitions>
                <EventDefinitions></EventDefinitions>
                <ServiceMappings></ServiceMappings>
                <ServiceImplementations>
                    <ServiceImplementation
                     description=""
                     handlerName="Script"
                     name="test">
                        <ConfigurationTables>
                            <ConfigurationTable
                             dataShapeName=""
                             description=""
                             isMultiRow="false"
                             name="Script"
                             ordinal="0">
                                <DataShape>
                                    <FieldDefinitions>
                                        <FieldDefinition
                                         baseType="STRING"
                                         description="code"
                                         name="code"
                                         ordinal="0"></FieldDefinition>
                                    </FieldDefinitions>
                                </DataShape>
                                <Rows>
                                    <Row>
                                        <code>
                                        <![CDATA[
                                        // Result: INFOTABLE dataShape: "SVG_DS"
                                        var a = me.GetDataForZone({
                                        	FileName: "geoloc_indoor_map(4).svg" /* STRING */,
                                        	ThingName: "SVGZoneThing" /* STRING */
                                        });
                                        var result=a;
                                        ]]>
                                        </code>
                                    </Row>
                                </Rows>
                            </ConfigurationTable>
                        </ConfigurationTables>
                    </ServiceImplementation>
                </ServiceImplementations>
                <Subscriptions></Subscriptions>
            </ThingShape>
            <PropertyBindings></PropertyBindings>
            <RemotePropertyBindings></RemotePropertyBindings>
            <RemoteServiceBindings></RemoteServiceBindings>
            <RemoteEventBindings></RemoteEventBindings>
            <AlertConfigurations></AlertConfigurations>
            <ImplementedShapes></ImplementedShapes>
            <ThingProperties>
                <FileName>
                    <Value></Value>
                    <Timestamp>1970-01-01T00:00:00.000Z</Timestamp>
                    <Quality>UNKNOWN</Quality>
                </FileName>
                <Width>
                    <Value>0</Value>
                    <Timestamp>1970-01-01T00:00:00.000Z</Timestamp>
                    <Quality>UNKNOWN</Quality>
                </Width>
                <Height>
                    <Value>0</Value>
                    <Timestamp>1970-01-01T00:00:00.000Z</Timestamp>
                    <Quality>UNKNOWN</Quality>
                </Height>
                <Width_zone>
                    <Value>0.0</Value>
                    <Timestamp>1970-01-01T00:00:00.000Z</Timestamp>
                    <Quality>UNKNOWN</Quality>
                </Width_zone>
                <Height_zone>
                    <Value>0.0</Value>
                    <Timestamp>1970-01-01T00:00:00.000Z</Timestamp>
                    <Quality>UNKNOWN</Quality>
                </Height_zone>
                <X_zone>
                    <Value>0.0</Value>
                    <Timestamp>1970-01-01T00:00:00.000Z</Timestamp>
                    <Quality>UNKNOWN</Quality>
                </X_zone>
                <Y_zone>
                    <Value>0.0</Value>
                    <Timestamp>1970-01-01T00:00:00.000Z</Timestamp>
                    <Quality>UNKNOWN</Quality>
                </Y_zone>
            </ThingProperties>
        </Thing>
    </Things>
</Entities>
