<?xml version="1.0" encoding="UTF-8"?>
<Entities
 majorVersion="9"
 minorVersion="2"
 universal="">
    <Things>
        <Thing
         description=""
         documentationContent=""
         effectiveThingPackage="DataTableThing"
         enabled="true"
         homeMashup="DataTableEditor"
         identifier=""
         inheritedValueStream=""
         name="TorqueKeyInstructionDetails_DT"
         projectName="DassaultAviationPoC"
         published="false"
         tags="DassaultAviation:TorqueKey"
         thingTemplate="DataTable"
         valueStream="">
            <avatar></avatar>
            <DesignTimePermissions>
                <Create></Create>
                <Read></Read>
                <Update></Update>
                <Delete></Delete>
                <Metadata></Metadata>
            </DesignTimePermissions>
            <RunTimePermissions>
                <Permissions
                 resourceName="*">
                    <PropertyRead>
                        <Principal
                         isPermitted="true"
                         name="DigitalTwinUsers"
                         type="Group"></Principal>
                    </PropertyRead>
                    <PropertyWrite>
                        <Principal
                         isPermitted="true"
                         name="DigitalTwinUsers"
                         type="Group"></Principal>
                    </PropertyWrite>
                    <ServiceInvoke>
                        <Principal
                         isPermitted="true"
                         name="DigitalTwinUsers"
                         type="Group"></Principal>
                    </ServiceInvoke>
                    <EventInvoke>
                        <Principal
                         isPermitted="true"
                         name="DigitalTwinUsers"
                         type="Group"></Principal>
                    </EventInvoke>
                    <EventSubscribe>
                        <Principal
                         isPermitted="true"
                         name="DigitalTwinUsers"
                         type="Group"></Principal>
                    </EventSubscribe>
                </Permissions>
            </RunTimePermissions>
            <VisibilityPermissions>
                <Visibility>
                    <Principal
                     isPermitted="true"
                     name="DigitalTwinDevelopers"
                     type="Organization"></Principal>
                </Visibility>
            </VisibilityPermissions>
            <ConfigurationTableDefinitions></ConfigurationTableDefinitions>
            <ConfigurationTables>
                <ConfigurationTable
                 dataShapeName=""
                 description="Data Thing Configuration"
                 isMultiRow="false"
                 name="DataThingSettings"
                 ordinal="0">
                    <DataShape>
                        <FieldDefinitions>
                            <FieldDefinition
                             baseType="STRING"
                             description="Persistence Provider Name"
                             name="persistenceProvider"
                             ordinal="0"></FieldDefinition>
                        </FieldDefinitions>
                    </DataShape>
                    <Rows>
                        <Row>
                            <persistenceProvider>
                            <![CDATA[
                            ThingworxPersistenceProvider
                            ]]>
                            </persistenceProvider>
                        </Row>
                    </Rows>
                </ConfigurationTable>
                <ConfigurationTable
                 dataShapeName=""
                 description="Data Shape Configuration"
                 isMultiRow="false"
                 name="Settings"
                 ordinal="0">
                    <DataShape>
                        <FieldDefinitions>
                            <FieldDefinition
                             aspect.friendlyName="Data Shape"
                             baseType="DATASHAPENAME"
                             description="Data shape"
                             name="dataShape"
                             ordinal="0"></FieldDefinition>
                        </FieldDefinitions>
                    </DataShape>
                    <Rows>
                        <Row>
                            <accumulatedDataShape>
                                <json>
                                <![CDATA[
                                {"fieldDefinitions":{"Diametre":{"name":"Diametre","aspects":{"isPrimaryKey":false},"description":"","baseType":"STRING","ordinal":21},"TempsBattement":{"name":"TempsBattement","aspects":{"isPrimaryKey":false},"description":"","baseType":"STRING","ordinal":30},"NumeroEmbout":{"name":"NumeroEmbout","aspects":{"isPrimaryKey":false},"description":"","baseType":"STRING","ordinal":32},"Description":{"name":"Description","aspects":{"isPrimaryKey":true},"description":"","baseType":"STRING","ordinal":16},"AngleTarget":{"name":"AngleTarget","aspects":{"isPrimaryKey":false},"description":"","baseType":"STRING","ordinal":2},"Attribute4":{"name":"Attribute4","aspects":{"isPrimaryKey":false},"description":"","baseType":"STRING","ordinal":6},"Attribute3":{"name":"Attribute3","aspects":{"isPrimaryKey":false},"description":"","baseType":"STRING","ordinal":5},"Attribute2":{"name":"Attribute2","aspects":{"isPrimaryKey":false},"description":"","baseType":"STRING","ordinal":4},"Attribute1":{"name":"Attribute1","aspects":{"isPrimaryKey":false},"description":"","baseType":"STRING","ordinal":3},"Repere":{"name":"Repere","aspects":{"isPrimaryKey":false},"description":"","baseType":"STRING","ordinal":23},"SeuilCouple":{"name":"SeuilCouple","aspects":{"isPrimaryKey":false},"description":"","baseType":"STRING","ordinal":25},"AngleMax":{"name":"AngleMax","aspects":{"isPrimaryKey":false},"description":"","baseType":"STRING","ordinal":0},"Description2":{"name":"Description2","aspects":{"isPrimaryKey":false},"description":"","baseType":"STRING","ordinal":18},"Description3":{"name":"Description3","aspects":{"isPrimaryKey":false},"description":"","baseType":"STRING","ordinal":19},"Description1":{"name":"Description1","aspects":{"isPrimaryKey":false},"description":"","baseType":"STRING","ordinal":17},"Strategie":{"name":"Strategie","aspects":{"isPrimaryKey":false},"description":"","baseType":"STRING","ordinal":26},"CoupleMin":{"name":"CoupleMin","aspects":{"isPrimaryKey":false},"description":"","baseType":"STRING","ordinal":14},"CoupleStart":{"name":"CoupleStart","aspects":{"isPrimaryKey":false},"description":"","baseType":"STRING","ordinal":31},"Description4":{"name":"Description4","aspects":{"isPrimaryKey":false},"description":"","baseType":"STRING","ordinal":20},"CoupleMax":{"name":"CoupleMax","aspects":{"isPrimaryKey":false},"description":"","baseType":"STRING","ordinal":13},"AngleMin":{"name":"AngleMin","aspects":{"isPrimaryKey":false},"description":"","baseType":"STRING","ordinal":1},"OperatorControl":{"name":"OperatorControl","aspects":{"isPrimaryKey":false},"description":"","baseType":"STRING","ordinal":22},"Conforming4":{"name":"Conforming4","aspects":{"isPrimaryKey":false},"description":"","baseType":"STRING","ordinal":10},"Conforming3":{"name":"Conforming3","aspects":{"isPrimaryKey":false},"description":"","baseType":"STRING","ordinal":9},"CoupleAccostage":{"name":"CoupleAccostage","aspects":{"isPrimaryKey":false},"description":"","baseType":"STRING","ordinal":12},"Conforming2":{"name":"Conforming2","aspects":{"isPrimaryKey":false},"description":"","baseType":"STRING","ordinal":8},"Conforming1":{"name":"Conforming1","aspects":{"isPrimaryKey":false},"description":"","baseType":"STRING","ordinal":7},"Sequence":{"name":"Sequence","aspects":{"isPrimaryKey":false},"description":"","baseType":"STRING","ordinal":24},"TMC":{"name":"TMC","aspects":{"isPrimaryKey":false},"description":"","baseType":"STRING","ordinal":27},"Couleur":{"name":"Couleur","aspects":{"isPrimaryKey":false},"description":"","baseType":"STRING","ordinal":11},"CoupleTarget":{"name":"CoupleTarget","aspects":{"isPrimaryKey":false},"description":"","baseType":"STRING","ordinal":15},"UOM":{"name":"UOM","aspects":{"isPrimaryKey":false},"description":"","baseType":"STRING","ordinal":29},"TpsAjustement":{"name":"TpsAjustement","aspects":{"isPrimaryKey":false},"description":"","baseType":"STRING","ordinal":28}}}
                                ]]>
                                </json>
                            </accumulatedDataShape>
                            <dataShape>
                            <![CDATA[
                            TorqueKeyInstructionDetails_DS
                            ]]>
                            </dataShape>
                        </Row>
                    </Rows>
                </ConfigurationTable>
                <ConfigurationTable
                 dataShapeName=""
                 description="Index Settings"
                 isMultiRow="true"
                 name="Indexes"
                 ordinal="1">
                    <DataShape>
                        <FieldDefinitions>
                            <FieldDefinition
                             aspect.friendlyName="Index Field Names"
                             baseType="STRING"
                             description="Index fields"
                             name="fieldNames"
                             ordinal="1"></FieldDefinition>
                            <FieldDefinition
                             aspect.friendlyName="Index Name"
                             baseType="STRING"
                             description="Index name"
                             name="name"
                             ordinal="0"></FieldDefinition>
                        </FieldDefinitions>
                    </DataShape>
                    <Rows></Rows>
                </ConfigurationTable>
            </ConfigurationTables>
            <ThingShape>
                <PropertyDefinitions></PropertyDefinitions>
                <ServiceDefinitions></ServiceDefinitions>
                <EventDefinitions></EventDefinitions>
                <ServiceMappings></ServiceMappings>
                <ServiceImplementations></ServiceImplementations>
                <Subscriptions></Subscriptions>
            </ThingShape>
            <PropertyBindings></PropertyBindings>
            <RemotePropertyBindings></RemotePropertyBindings>
            <RemoteServiceBindings></RemoteServiceBindings>
            <RemoteEventBindings></RemoteEventBindings>
            <AlertConfigurations></AlertConfigurations>
            <ImplementedShapes></ImplementedShapes>
            <ThingProperties></ThingProperties>
        </Thing>
    </Things>
</Entities>
