<?xml version="1.0" encoding="UTF-8"?>
<Entities
 majorVersion="9"
 minorVersion="2"
 universal="">
    <Things>
        <Thing
         description=""
         documentationContent=""
         effectiveThingPackage="RemoteThingWithTunnelsAndFileTransfer"
         enabled="true"
         homeMashup=""
         identifier=""
         inheritedValueStream=""
         name="TorqueKeyConnector"
         projectName="DassaultAviationPoC"
         published="false"
         tags="DassaultAviation:TorqueKey"
         thingTemplate="TorqueKeyConnectorTemplate"
         valueStream="">
            <avatar></avatar>
            <DesignTimePermissions>
                <Create></Create>
                <Read></Read>
                <Update></Update>
                <Delete></Delete>
                <Metadata></Metadata>
            </DesignTimePermissions>
            <RunTimePermissions>
                <Permissions
                 resourceName="*">
                    <PropertyRead>
                        <Principal
                         isPermitted="true"
                         name="DigitalTwinUsers"
                         type="Group"></Principal>
                    </PropertyRead>
                    <PropertyWrite>
                        <Principal
                         isPermitted="true"
                         name="DigitalTwinUsers"
                         type="Group"></Principal>
                    </PropertyWrite>
                    <ServiceInvoke>
                        <Principal
                         isPermitted="true"
                         name="DigitalTwinUsers"
                         type="Group"></Principal>
                    </ServiceInvoke>
                    <EventInvoke>
                        <Principal
                         isPermitted="true"
                         name="DigitalTwinUsers"
                         type="Group"></Principal>
                    </EventInvoke>
                    <EventSubscribe>
                        <Principal
                         isPermitted="true"
                         name="DigitalTwinUsers"
                         type="Group"></Principal>
                    </EventSubscribe>
                </Permissions>
            </RunTimePermissions>
            <VisibilityPermissions>
                <Visibility>
                    <Principal
                     isPermitted="true"
                     name="DigitalTwinDevelopers"
                     type="Organization"></Principal>
                </Visibility>
            </VisibilityPermissions>
            <ConfigurationTableDefinitions></ConfigurationTableDefinitions>
            <ConfigurationTables>
                <ConfigurationTable
                 dataShapeName=""
                 description="Reporting Settings"
                 isMultiRow="false"
                 name="ReportingConfiguration"
                 ordinal="0">
                    <DataShape>
                        <FieldDefinitions>
                            <FieldDefinition
                             aspect.defaultValue="NotReporting"
                             aspect.isPrimaryKey="true"
                             aspect.isReadOnly="false"
                             aspect.thingTemplate="ReportingStrategy"
                             baseType="THINGNAME"
                             description="Strategy to determine health"
                             name="reportingStrategy"
                             ordinal="1"></FieldDefinition>
                        </FieldDefinitions>
                    </DataShape>
                    <Rows>
                        <Row>
                            <reportingStrategy>
                            <![CDATA[
                            AlwaysOnReporting
                            ]]>
                            </reportingStrategy>
                        </Row>
                    </Rows>
                </ConfigurationTable>
                <ConfigurationTable
                 dataShapeName=""
                 description="General Settings"
                 isMultiRow="false"
                 name="TunnelSettings"
                 ordinal="0">
                    <DataShape>
                        <FieldDefinitions>
                            <FieldDefinition
                             aspect.friendlyName="Enable Tunneling"
                             aspect.isNullable="true"
                             baseType="BOOLEAN"
                             description="Enable tunneling"
                             name="enableTunneling"
                             ordinal="0"></FieldDefinition>
                        </FieldDefinitions>
                    </DataShape>
                    <Rows>
                        <Row></Row>
                    </Rows>
                </ConfigurationTable>
                <ConfigurationTable
                 dataShapeName=""
                 description="Tunneling Destinations"
                 isMultiRow="true"
                 name="Tunnels"
                 ordinal="1">
                    <DataShape>
                        <FieldDefinitions>
                            <FieldDefinition
                             aspect.defaultValue=""
                             aspect.friendlyName="Application Path"
                             baseType="STRING"
                             description="Location of the client app that will use this tunnel"
                             name="appUri"
                             ordinal="5"></FieldDefinition>
                            <FieldDefinition
                             aspect.defaultValue=""
                             aspect.friendlyName="Description"
                             baseType="STRING"
                             description="A description of the tunnel"
                             name="description"
                             ordinal="3"></FieldDefinition>
                            <FieldDefinition
                             aspect.defaultValue="127.0.0.1"
                             aspect.friendlyName="Host"
                             baseType="STRING"
                             description="Host or IP that this tunnel will connect to at the edge"
                             name="host"
                             ordinal="1"></FieldDefinition>
                            <FieldDefinition
                             aspect.defaultValue="vnc"
                             aspect.friendlyName="Name"
                             baseType="STRING"
                             description="Name of the tunnel"
                             name="name"
                             ordinal="0"></FieldDefinition>
                            <FieldDefinition
                             aspect.defaultValue="1.0"
                             aspect.friendlyName="Number of Connects"
                             baseType="NUMBER"
                             description="The number of connections required to establish this tunnel"
                             name="numConnects"
                             ordinal="4"></FieldDefinition>
                            <FieldDefinition
                             aspect.defaultValue="5900.0"
                             aspect.friendlyName="Port"
                             baseType="NUMBER"
                             description="Port that this tunnel will connect to at the edge"
                             name="port"
                             ordinal="2"></FieldDefinition>
                            <FieldDefinition
                             aspect.defaultValue="tcp"
                             aspect.friendlyName="Protocol"
                             baseType="STRING"
                             description="The protocol used over this tunnel"
                             name="proto"
                             ordinal="6"></FieldDefinition>
                        </FieldDefinitions>
                    </DataShape>
                    <Rows></Rows>
                </ConfigurationTable>
            </ConfigurationTables>
            <ThingShape>
                <PropertyDefinitions></PropertyDefinitions>
                <ServiceDefinitions>
                    <ServiceDefinition
                     aspect.isAsync="false"
                     category=""
                     description="Establish connection with Torque"
                     isAllowOverride="false"
                     isLocalOnly="false"
                     isOpen="false"
                     isPrivate="false"
                     name="connectTorque">
                        <ResultType
                         baseType="BOOLEAN"
                         description=""
                         name="result"
                         ordinal="0"></ResultType>
                        <ParameterDefinitions>
                            <FieldDefinition
                             baseType="STRING"
                             description="Value 3"
                             name="bridge"
                             ordinal="3"></FieldDefinition>
                            <FieldDefinition
                             baseType="STRING"
                             description="Value 1"
                             name="ipAddress"
                             ordinal="1"></FieldDefinition>
                            <FieldDefinition
                             baseType="STRING"
                             description="Value 2"
                             name="mask"
                             ordinal="4"></FieldDefinition>
                            <FieldDefinition
                             baseType="STRING"
                             description="Value 1"
                             name="name"
                             ordinal="0"></FieldDefinition>
                            <FieldDefinition
                             baseType="INTEGER"
                             description="Value 2"
                             name="port"
                             ordinal="2"></FieldDefinition>
                        </ParameterDefinitions>
                    </ServiceDefinition>
                    <ServiceDefinition
                     aspect.isAsync="false"
                     category=""
                     description="Establish connection with Torque"
                     isAllowOverride="false"
                     isLocalOnly="false"
                     isOpen="false"
                     isPrivate="false"
                     name="connectTorqueDuplicate">
                        <ResultType
                         baseType="BOOLEAN"
                         description=""
                         name="result"
                         ordinal="0"></ResultType>
                        <ParameterDefinitions>
                            <FieldDefinition
                             baseType="STRING"
                             description="Value 3"
                             name="bridge"
                             ordinal="3"></FieldDefinition>
                            <FieldDefinition
                             baseType="STRING"
                             description="Value 1"
                             name="ipAddress"
                             ordinal="1"></FieldDefinition>
                            <FieldDefinition
                             baseType="STRING"
                             description="Value 2"
                             name="mask"
                             ordinal="4"></FieldDefinition>
                            <FieldDefinition
                             baseType="STRING"
                             description="Value 1"
                             name="name"
                             ordinal="0"></FieldDefinition>
                            <FieldDefinition
                             baseType="INTEGER"
                             description="Value 2"
                             name="port"
                             ordinal="2"></FieldDefinition>
                        </ParameterDefinitions>
                    </ServiceDefinition>
                    <ServiceDefinition
                     aspect.isAsync="false"
                     category=""
                     description=""
                     isAllowOverride="false"
                     isLocalOnly="false"
                     isOpen="false"
                     isPrivate="false"
                     name="DeleteInstructionProcessEntries">
                        <ResultType
                         baseType="NOTHING"
                         description=""
                         name="result"
                         ordinal="0"></ResultType>
                        <ParameterDefinitions></ParameterDefinitions>
                    </ServiceDefinition>
                    <ServiceDefinition
                     aspect.isAsync="false"
                     category=""
                     description="Disconnect with Torque"
                     isAllowOverride="false"
                     isLocalOnly="false"
                     isOpen="false"
                     isPrivate="false"
                     name="disConnectTorque">
                        <ResultType
                         baseType="BOOLEAN"
                         description=""
                         name="result"
                         ordinal="0"></ResultType>
                        <ParameterDefinitions></ParameterDefinitions>
                    </ServiceDefinition>
                    <ServiceDefinition
                     aspect.isAsync="false"
                     category=""
                     description=""
                     isAllowOverride="false"
                     isLocalOnly="false"
                     isOpen="false"
                     isPrivate="false"
                     name="DisplayInstructionData">
                        <ResultType
                         aspect.dataShape="TorqueKeyJobStatus_DS"
                         baseType="INFOTABLE"
                         description=""
                         name="result"
                         ordinal="0"></ResultType>
                        <ParameterDefinitions></ParameterDefinitions>
                    </ServiceDefinition>
                    <ServiceDefinition
                     aspect.isAsync="false"
                     category=""
                     description=""
                     isAllowOverride="false"
                     isLocalOnly="false"
                     isOpen="false"
                     isPrivate="false"
                     name="getConnectionStatus">
                        <ResultType
                         baseType="BOOLEAN"
                         description=""
                         name="result"
                         ordinal="0"></ResultType>
                        <ParameterDefinitions>
                            <FieldDefinition
                             aspect.isRequired="true"
                             baseType="STRING"
                             description=""
                             name="Name"
                             ordinal="1"></FieldDefinition>
                        </ParameterDefinitions>
                    </ServiceDefinition>
                    <ServiceDefinition
                     aspect.isAsync="false"
                     category=""
                     description=""
                     isAllowOverride="false"
                     isLocalOnly="false"
                     isOpen="false"
                     isPrivate="false"
                     name="GetFileInstructionProcessDetails">
                        <ResultType
                         aspect.dataShape="TorqueKeyJobStatus_DS"
                         baseType="INFOTABLE"
                         description=""
                         name="result"
                         ordinal="0"></ResultType>
                        <ParameterDefinitions>
                            <FieldDefinition
                             aspect.dataShape="DA_TorqueKeyFileProcessHistory_DS"
                             aspect.defaultValue="{&quot;rows&quot;:[{&quot;TorqueKey&quot;:&quot;Key1&quot;,&quot;FileName&quot;:&quot;Test&quot;,&quot;InstructionProcessInfo&quot;:{&quot;rows&quot;:[{&quot;CoupleMax&quot;:&quot;7&quot;,&quot;JobStatus&quot;:&quot;True&quot;,&quot;AngleMin&quot;:&quot;7&quot;,&quot;CoupleTarget&quot;:&quot;7&quot;,&quot;fileName&quot;:&quot;Test&quot;,&quot;Description&quot;:&quot;tegy&quot;,&quot;AngleTarget&quot;:&quot;7&quot;,&quot;TorqueKey&quot;:&quot;Key1&quot;,&quot;CoupleMin&quot;:&quot;7&quot;,&quot;ProcessedTime&quot;:1621967400000,&quot;CoupleAccostage&quot;:&quot;7&quot;,&quot;AngleMax&quot;:&quot;7&quot;}],&quot;dataShape&quot;:{&quot;fieldDefinitions&quot;:{&quot;CoupleMax&quot;:{&quot;name&quot;:&quot;CoupleMax&quot;,&quot;aspects&quot;:{&quot;isPrimaryKey&quot;:false},&quot;description&quot;:&quot;&quot;,&quot;baseType&quot;:&quot;STRING&quot;,&quot;ordinal&quot;:6},&quot;JobStatus&quot;:{&quot;name&quot;:&quot;JobStatus&quot;,&quot;aspects&quot;:{&quot;isPrimaryKey&quot;:false},&quot;description&quot;:&quot;&quot;,&quot;baseType&quot;:&quot;STRING&quot;,&quot;ordinal&quot;:3},&quot;AngleMin&quot;:{&quot;name&quot;:&quot;AngleMin&quot;,&quot;aspects&quot;:{&quot;isPrimaryKey&quot;:false},&quot;description&quot;:&quot;&quot;,&quot;baseType&quot;:&quot;STRING&quot;,&quot;ordinal&quot;:7},&quot;CoupleTarget&quot;:{&quot;name&quot;:&quot;CoupleTarget&quot;,&quot;aspects&quot;:{&quot;isPrimaryKey&quot;:false},&quot;description&quot;:&quot;&quot;,&quot;baseType&quot;:&quot;STRING&quot;,&quot;ordinal&quot;:5},&quot;fileName&quot;:{&quot;name&quot;:&quot;fileName&quot;,&quot;aspects&quot;:{&quot;isPrimaryKey&quot;:false},&quot;description&quot;:&quot;&quot;,&quot;baseType&quot;:&quot;STRING&quot;,&quot;ordinal&quot;:1},&quot;Description&quot;:{&quot;name&quot;:&quot;Description&quot;,&quot;aspects&quot;:{&quot;isPrimaryKey&quot;:true},&quot;description&quot;:&quot;&quot;,&quot;baseType&quot;:&quot;STRING&quot;,&quot;ordinal&quot;:2},&quot;AngleTarget&quot;:{&quot;name&quot;:&quot;AngleTarget&quot;,&quot;aspects&quot;:{&quot;isPrimaryKey&quot;:false},&quot;description&quot;:&quot;&quot;,&quot;baseType&quot;:&quot;STRING&quot;,&quot;ordinal&quot;:8},&quot;TorqueKey&quot;:{&quot;name&quot;:&quot;TorqueKey&quot;,&quot;aspects&quot;:{&quot;isPrimaryKey&quot;:false},&quot;description&quot;:&quot;&quot;,&quot;baseType&quot;:&quot;STRING&quot;,&quot;ordinal&quot;:12},&quot;CoupleMin&quot;:{&quot;name&quot;:&quot;CoupleMin&quot;,&quot;aspects&quot;:{&quot;isPrimaryKey&quot;:false},&quot;description&quot;:&quot;&quot;,&quot;baseType&quot;:&quot;STRING&quot;,&quot;ordinal&quot;:4},&quot;ProcessedTime&quot;:{&quot;name&quot;:&quot;ProcessedTime&quot;,&quot;aspects&quot;:{&quot;isPrimaryKey&quot;:false},&quot;description&quot;:&quot;&quot;,&quot;baseType&quot;:&quot;DATETIME&quot;,&quot;ordinal&quot;:11},&quot;CoupleAccostage&quot;:{&quot;name&quot;:&quot;CoupleAccostage&quot;,&quot;aspects&quot;:{&quot;isPrimaryKey&quot;:false},&quot;description&quot;:&quot;&quot;,&quot;baseType&quot;:&quot;STRING&quot;,&quot;ordinal&quot;:10},&quot;AngleMax&quot;:{&quot;name&quot;:&quot;AngleMax&quot;,&quot;aspects&quot;:{&quot;isPrimaryKey&quot;:false},&quot;description&quot;:&quot;&quot;,&quot;baseType&quot;:&quot;STRING&quot;,&quot;ordinal&quot;:9}}}}}],&quot;dataShape&quot;:{&quot;fieldDefinitions&quot;:{&quot;TorqueKey&quot;:{&quot;name&quot;:&quot;TorqueKey&quot;,&quot;aspects&quot;:{&quot;isPrimaryKey&quot;:false},&quot;description&quot;:&quot;&quot;,&quot;baseType&quot;:&quot;STRING&quot;,&quot;ordinal&quot;:3},&quot;FileName&quot;:{&quot;name&quot;:&quot;FileName&quot;,&quot;aspects&quot;:{&quot;isPrimaryKey&quot;:false},&quot;description&quot;:&quot;&quot;,&quot;baseType&quot;:&quot;STRING&quot;,&quot;ordinal&quot;:1},&quot;InstructionProcessInfo&quot;:{&quot;name&quot;:&quot;InstructionProcessInfo&quot;,&quot;aspects&quot;:{&quot;isPrimaryKey&quot;:false,&quot;dataShape&quot;:&quot;TorqueKeyJobStatus_DS&quot;},&quot;description&quot;:&quot;&quot;,&quot;baseType&quot;:&quot;INFOTABLE&quot;,&quot;ordinal&quot;:2}}}}"
                             aspect.isRequired="false"
                             baseType="INFOTABLE"
                             description=""
                             name="fileInstructionInfo"
                             ordinal="1"></FieldDefinition>
                        </ParameterDefinitions>
                    </ServiceDefinition>
                    <ServiceDefinition
                     aspect.isAsync="false"
                     category=""
                     description=""
                     isAllowOverride="false"
                     isLocalOnly="false"
                     isOpen="false"
                     isPrivate="false"
                     name="ListOfTorqueKey">
                        <ResultType
                         aspect.dataShape="TorquekeyDetails_DS"
                         baseType="INFOTABLE"
                         description=""
                         name="result"
                         ordinal="0"></ResultType>
                        <ParameterDefinitions></ParameterDefinitions>
                    </ServiceDefinition>
                    <ServiceDefinition
                     aspect.isAsync="false"
                     category=""
                     description=""
                     isAllowOverride="false"
                     isLocalOnly="false"
                     isOpen="false"
                     isPrivate="false"
                     name="readCsvInstruction">
                        <ResultType
                         aspect.dataShape="TorqueKeyJobStatus_DS"
                         baseType="INFOTABLE"
                         description=""
                         name="result"
                         ordinal="0"></ResultType>
                        <ParameterDefinitions>
                            <FieldDefinition
                             aspect.isRequired="true"
                             baseType="STRING"
                             description=""
                             name="filename"
                             ordinal="1"></FieldDefinition>
                        </ParameterDefinitions>
                    </ServiceDefinition>
                    <ServiceDefinition
                     aspect.isAsync="false"
                     category=""
                     description=""
                     isAllowOverride="false"
                     isLocalOnly="false"
                     isOpen="false"
                     isPrivate="false"
                     name="readInput">
                        <ResultType
                         aspect.dataShape="TorqueKeyInstructionDetails_DS"
                         baseType="STRING"
                         description=""
                         name="result"
                         ordinal="0"></ResultType>
                        <ParameterDefinitions>
                            <FieldDefinition
                             aspect.isRequired="true"
                             baseType="STRING"
                             description=""
                             name="fileName"
                             ordinal="2"></FieldDefinition>
                            <FieldDefinition
                             aspect.isRequired="true"
                             baseType="STRING"
                             description=""
                             name="TorqueKeyName"
                             ordinal="1"></FieldDefinition>
                        </ParameterDefinitions>
                    </ServiceDefinition>
                    <ServiceDefinition
                     aspect.isAsync="false"
                     category=""
                     description="send instruction to Torque"
                     isAllowOverride="false"
                     isLocalOnly="false"
                     isOpen="false"
                     isPrivate="false"
                     name="sendTorque">
                        <ResultType
                         baseType="STRING"
                         description=""
                         name="result"
                         ordinal="0"></ResultType>
                        <ParameterDefinitions>
                            <FieldDefinition
                             baseType="STRING"
                             description="Value 1"
                             name="angleMax"
                             ordinal="1"></FieldDefinition>
                            <FieldDefinition
                             baseType="STRING"
                             description="Value 1"
                             name="angleMin"
                             ordinal="2"></FieldDefinition>
                            <FieldDefinition
                             baseType="STRING"
                             description="Value 2"
                             name="angleTarget"
                             ordinal="3"></FieldDefinition>
                            <FieldDefinition
                             baseType="STRING"
                             description="Value 2"
                             name="beatTime"
                             ordinal="14"></FieldDefinition>
                            <FieldDefinition
                             baseType="STRING"
                             description="Value 3"
                             name="boltColor"
                             ordinal="4"></FieldDefinition>
                            <FieldDefinition
                             baseType="STRING"
                             description="Value 2"
                             name="coupleAccostage"
                             ordinal="5"></FieldDefinition>
                            <FieldDefinition
                             baseType="STRING"
                             description="Value 1"
                             name="coupleMax"
                             ordinal="6"></FieldDefinition>
                            <FieldDefinition
                             baseType="STRING"
                             description="Value 1"
                             name="coupleMin"
                             ordinal="7"></FieldDefinition>
                            <FieldDefinition
                             baseType="STRING"
                             description="Value 2"
                             name="coupleStart"
                             ordinal="8"></FieldDefinition>
                            <FieldDefinition
                             baseType="STRING"
                             description="Value 3"
                             name="coupleTarget"
                             ordinal="9"></FieldDefinition>
                            <FieldDefinition
                             baseType="STRING"
                             description="Value 1"
                             name="description"
                             ordinal="0"></FieldDefinition>
                            <FieldDefinition
                             baseType="STRING"
                             description="Value 2"
                             name="nozzleNumber"
                             ordinal="10"></FieldDefinition>
                            <FieldDefinition
                             baseType="STRING"
                             description="Value 2"
                             name="repereBoulon"
                             ordinal="11"></FieldDefinition>
                            <FieldDefinition
                             baseType="STRING"
                             description="Value 2"
                             name="tighteningStrategy"
                             ordinal="12"></FieldDefinition>
                            <FieldDefinition
                             baseType="STRING"
                             description="Value 2"
                             name="timeAdjustment"
                             ordinal="13"></FieldDefinition>
                        </ParameterDefinitions>
                    </ServiceDefinition>
                    <ServiceDefinition
                     aspect.isAsync="false"
                     category=""
                     description=""
                     isAllowOverride="false"
                     isLocalOnly="false"
                     isOpen="false"
                     isPrivate="false"
                     name="sendTorqueKeyService">
                        <ResultType
                         baseType="STRING"
                         description=""
                         name="result"
                         ordinal="0"></ResultType>
                        <ParameterDefinitions>
                            <FieldDefinition
                             baseType="STRING"
                             description=""
                             name="angleMax"
                             ordinal="6"></FieldDefinition>
                            <FieldDefinition
                             baseType="STRING"
                             description=""
                             name="angleMin"
                             ordinal="7"></FieldDefinition>
                            <FieldDefinition
                             baseType="STRING"
                             description=""
                             name="angleTarget"
                             ordinal="8"></FieldDefinition>
                            <FieldDefinition
                             baseType="STRING"
                             description=""
                             name="beatTime"
                             ordinal="19"></FieldDefinition>
                            <FieldDefinition
                             baseType="STRING"
                             description=""
                             name="boltColor"
                             ordinal="9"></FieldDefinition>
                            <FieldDefinition
                             baseType="STRING"
                             description=""
                             name="coupleAccostage"
                             ordinal="10"></FieldDefinition>
                            <FieldDefinition
                             baseType="STRING"
                             description=""
                             name="coupleMax"
                             ordinal="11"></FieldDefinition>
                            <FieldDefinition
                             baseType="STRING"
                             description=""
                             name="coupleMin"
                             ordinal="12"></FieldDefinition>
                            <FieldDefinition
                             baseType="STRING"
                             description=""
                             name="coupleStart"
                             ordinal="13"></FieldDefinition>
                            <FieldDefinition
                             baseType="STRING"
                             description=""
                             name="coupleTarget"
                             ordinal="14"></FieldDefinition>
                            <FieldDefinition
                             aspect.isRequired="true"
                             baseType="STRING"
                             description=""
                             name="description"
                             ordinal="16"></FieldDefinition>
                            <FieldDefinition
                             aspect.isRequired="true"
                             baseType="STRING"
                             description=""
                             name="name"
                             ordinal="2"></FieldDefinition>
                            <FieldDefinition
                             baseType="STRING"
                             description=""
                             name="nozzleNumber"
                             ordinal="15"></FieldDefinition>
                            <FieldDefinition
                             baseType="STRING"
                             description=""
                             name="repereBoulon"
                             ordinal="16"></FieldDefinition>
                            <FieldDefinition
                             baseType="STRING"
                             description=""
                             name="tighteningStrategy"
                             ordinal="17"></FieldDefinition>
                            <FieldDefinition
                             baseType="STRING"
                             description=""
                             name="timeAdjustment"
                             ordinal="18"></FieldDefinition>
                        </ParameterDefinitions>
                    </ServiceDefinition>
                </ServiceDefinitions>
                <EventDefinitions></EventDefinitions>
                <ServiceMappings></ServiceMappings>
                <ServiceImplementations>
                    <ServiceImplementation
                     description=""
                     handlerName="Script"
                     name="DeleteInstructionProcessEntries">
                        <ConfigurationTables>
                            <ConfigurationTable
                             dataShapeName=""
                             description=""
                             isMultiRow="false"
                             name="Script"
                             ordinal="0">
                                <DataShape>
                                    <FieldDefinitions>
                                        <FieldDefinition
                                         baseType="STRING"
                                         description="code"
                                         name="code"
                                         ordinal="0"></FieldDefinition>
                                    </FieldDefinitions>
                                </DataShape>
                                <Rows>
                                    <Row>
                                        <code>
                                        <![CDATA[
                                        Things["TorqueKeyJobStatus_DT"].PurgeDataTableEntries();
                                        ]]>
                                        </code>
                                    </Row>
                                </Rows>
                            </ConfigurationTable>
                        </ConfigurationTables>
                    </ServiceImplementation>
                    <ServiceImplementation
                     description=""
                     handlerName="Script"
                     name="DisplayInstructionData">
                        <ConfigurationTables>
                            <ConfigurationTable
                             dataShapeName=""
                             description=""
                             isMultiRow="false"
                             name="Script"
                             ordinal="0">
                                <DataShape>
                                    <FieldDefinitions>
                                        <FieldDefinition
                                         baseType="STRING"
                                         description="code"
                                         name="code"
                                         ordinal="0"></FieldDefinition>
                                    </FieldDefinitions>
                                </DataShape>
                                <Rows>
                                    <Row>
                                        <code>
                                        <![CDATA[
                                        // result: INFOTABLE dataShape: ""
                                        var info = Things["TorqueKeyJobStatus_DT"].GetDataTableEntries({
                                        	maxItems: undefined /* NUMBER */
                                        });
                                        
                                        info.RemoveField("key");
                                        info.RemoveField("location");
                                        info.RemoveField("source");
                                        info.RemoveField("sourceType");
                                        info.RemoveField("tags");
                                        info.RemoveField("timestamp");
                                        
                                        var sort = new Object();
                                        sort.name = "serialNumber";
                                        sort.ascending = true;
                                        info.Sort(sort);
                                        
                                        result = info;
                                        ]]>
                                        </code>
                                    </Row>
                                </Rows>
                            </ConfigurationTable>
                        </ConfigurationTables>
                    </ServiceImplementation>
                    <ServiceImplementation
                     description=""
                     handlerName="Script"
                     name="getConnectionStatus">
                        <ConfigurationTables>
                            <ConfigurationTable
                             dataShapeName=""
                             description=""
                             isMultiRow="false"
                             name="Script"
                             ordinal="0">
                                <DataShape>
                                    <FieldDefinitions>
                                        <FieldDefinition
                                         baseType="STRING"
                                         description="code"
                                         name="code"
                                         ordinal="0"></FieldDefinition>
                                    </FieldDefinitions>
                                </DataShape>
                                <Rows>
                                    <Row>
                                        <code>
                                        <![CDATA[
                                        // Provide your filter using the format as described in the help topic "Query Parameter for Query Services"
                                        try {
                                        	if (me.isConnected) {
                                        		var query = {
                                        			"filters": {
                                        				"type": "EQ",
                                        				"fieldName": "TorqueName",
                                        				"value": Name
                                        			}
                                        		};
                                        		// result: INFOTABLE dataShape: ""
                                        		var keyDetails = Things["TorquekeyDetails_DT"].QueryDataTableEntries({
                                        			maxItems: undefined /* NUMBER */ ,
                                        			values: undefined /* INFOTABLE */ ,
                                        			query: query /* QUERY */ ,
                                        			source: undefined /* STRING */ ,
                                        			tags: undefined /* TAGS */
                                        		});
                                        		var connectionStatus = false;
                                        		if (keyDetails.rows.length != 0) {
                                        			// result: BOOLEAN
                                        			connectionStatus = me.connectTorque({
                                        				port: keyDetails.rows[0].Port /* INTEGER */ ,
                                        				ipAddress: keyDetails.rows[0].IpAddress /* STRING */ ,
                                        				name: keyDetails.rows[0].TorqueName /* STRING */ ,
                                        				bridge: keyDetails.rows[0].Bridge /* STRING */ ,
                                        				mask: keyDetails.rows[0].Mask /* STRING */
                                        			});
                                        			logger.info("ConnectionStatus : " + connectionStatus);
                                                    if(!connectionStatus){
                                                        throw "false";
                                                    }
                                        		} else {
                                        			logger.error("Invalid Key");
                                        			throw "false";
                                        		}
                                        		result = true;
                                        	} else {
                                        		logger.error("Agent is not started...");
                                        		throw "false";
                                        	}
                                        } catch (err) {
                                            throw err;
                                        }
                                        ]]>
                                        </code>
                                    </Row>
                                </Rows>
                            </ConfigurationTable>
                        </ConfigurationTables>
                    </ServiceImplementation>
                    <ServiceImplementation
                     description=""
                     handlerName="Script"
                     name="GetFileInstructionProcessDetails">
                        <ConfigurationTables>
                            <ConfigurationTable
                             dataShapeName=""
                             description=""
                             isMultiRow="false"
                             name="Script"
                             ordinal="0">
                                <DataShape>
                                    <FieldDefinitions>
                                        <FieldDefinition
                                         baseType="STRING"
                                         description="code"
                                         name="code"
                                         ordinal="0"></FieldDefinition>
                                    </FieldDefinitions>
                                </DataShape>
                                <Rows>
                                    <Row>
                                        <code>
                                        <![CDATA[
                                        // result: INFOTABLE dataShape: ""
                                        //var fileInstructionInfo = Things["Da_TorqueKeyFileProcessHistory_Stream"].QueryStreamEntriesWithData({
                                        //	oldestFirst: undefined /* BOOLEAN */,
                                        //	maxItems: undefined /* NUMBER */,
                                        //	sourceTags: undefined /* TAGS */,
                                        //	endDate: undefined /* DATETIME */,
                                        //	query: undefined /* QUERY */,
                                        //	source: undefined /* STRING */,
                                        //	startDate: undefined /* DATETIME */,
                                        //	tags: undefined /* TAGS */
                                        //});
                                        var result = fileInstructionInfo.rows[0].InstructionProcessInfo;
                                        
                                        
                                        //logger.info("fileInstructionInfo.getRowCount()");
                                        
                                        //var result = fileInstructionInfo;
                                        ]]>
                                        </code>
                                    </Row>
                                </Rows>
                            </ConfigurationTable>
                        </ConfigurationTables>
                    </ServiceImplementation>
                    <ServiceImplementation
                     description=""
                     handlerName="Script"
                     name="ListOfTorqueKey">
                        <ConfigurationTables>
                            <ConfigurationTable
                             dataShapeName=""
                             description=""
                             isMultiRow="false"
                             name="Script"
                             ordinal="0">
                                <DataShape>
                                    <FieldDefinitions>
                                        <FieldDefinition
                                         baseType="STRING"
                                         description="code"
                                         name="code"
                                         ordinal="0"></FieldDefinition>
                                    </FieldDefinitions>
                                </DataShape>
                                <Rows>
                                    <Row>
                                        <code>
                                        <![CDATA[
                                        // result: INFOTABLE dataShape: ""
                                        var values = Things["TorquekeyDetails_DT"].GetDataTableEntries({
                                        	maxItems: undefined /* NUMBER */
                                        });
                                        result = values;
                                        ]]>
                                        </code>
                                    </Row>
                                </Rows>
                            </ConfigurationTable>
                        </ConfigurationTables>
                    </ServiceImplementation>
                    <ServiceImplementation
                     description=""
                     handlerName="Script"
                     name="readCsvInstruction">
                        <ConfigurationTables>
                            <ConfigurationTable
                             dataShapeName=""
                             description=""
                             isMultiRow="false"
                             name="Script"
                             ordinal="0">
                                <DataShape>
                                    <FieldDefinitions>
                                        <FieldDefinition
                                         baseType="STRING"
                                         description="code"
                                         name="code"
                                         ordinal="0"></FieldDefinition>
                                    </FieldDefinitions>
                                </DataShape>
                                <Rows>
                                    <Row>
                                        <code>
                                        <![CDATA[
                                        //me.DeleteInstructionProcessEntries();
                                        Things["TorqueKeyJobStatus_DT"].PurgeDataTableEntries();
                                        
                                        var params = {
                                        	path: filename /* STRING */,
                                        	columnMappings: "Description;UOM;OperatorControl;Attribute1;Description1;Conforming1;Attribute2;Description2;Conforming2;Attribute3;Description3;Conforming3;Attribute4;Description4;Conforming4;Sequence;TMC;Couleur;Diametre;Repere;Strategie;CoupleMin;CoupleTarget;CoupleMax;AngleMin;AngleTarget;AngleMax;CoupleAccostage;SeuilCouple;TpsAjustement" /* STRING */,
                                        	hasHeader: undefined /* BOOLEAN */,
                                        	longitudeField: undefined /* NUMBER */,
                                        	dateFormat: undefined /* STRING */,
                                        	fileRepository: "TORQUEKEYINSTRUCTION_REPO" /* THINGNAME */,
                                        	latitudeField: undefined /* NUMBER */,
                                        	fieldDelimiter: ";" /* STRING */,
                                        	stringDelimiter: "\"" /* STRING */,
                                        	dataShape: "TorqueKeyInstructionDetails_DS" /* DATASHAPENAME */
                                        };
                                        
                                        //result: INFOTABLE
                                        var instructionDetails = Resources["CSVParserFunctions"].ReadCSVFile(params);
                                        
                                         params = {
                                            infoTableName : "InfoTable",
                                            dataShapeName : "TorqueKeyJobStatus_DS"
                                        };
                                        
                                        // CreateInfoTableFromDataShape(infoTableName:STRING("InfoTable"), dataShapeName:STRING):INFOTABLE(TorqueKeyJobStatus_DS)
                                        var instructionList = Resources["InfoTableFunctions"].CreateInfoTableFromDataShape(params);
                                        
                                        var data = new Object();
                                        logger.error("READCSV : fileName : "+ filename);
                                        for(var count =1;count < instructionDetails.rows.length;count++){
                                            var temp = instructionDetails.rows[count];
                                            data.Description = instructionDetails[count].Description;
                                            data.fileName = filename;
                                            data.JobStatus = "Yet_To_Start";
                                            data.CoupleMin = temp.CoupleMin;
                                            data.CoupleTarget = temp.CoupleTarget;
                                            data.CoupleMax = temp.CoupleMax;
                                            data.AngleMin = temp.AngleMin;
                                            data.AngleTarget = temp.AngleTarget;
                                            data.AngleMax = temp.AngleMax;
                                            data.CoupleAccostage = temp.CoupleAccostage;
                                            data.serialNumber = count;
                                            instructionList.AddRow(data);
                                        }
                                        Things["TorqueKeyJobStatus_DT"].AddOrUpdateDataTableEntries({
                                        	sourceType: undefined /* STRING */,
                                        	values: instructionList /* INFOTABLE */,
                                        	location: undefined /* LOCATION */,
                                        	source: undefined /* STRING */,
                                        	tags: undefined /* TAGS */
                                        });
                                        logger.info("Exit readCSv");
                                        result = instructionList;
                                        ]]>
                                        </code>
                                    </Row>
                                </Rows>
                            </ConfigurationTable>
                        </ConfigurationTables>
                    </ServiceImplementation>
                    <ServiceImplementation
                     description=""
                     handlerName="Script"
                     name="readInput">
                        <ConfigurationTables>
                            <ConfigurationTable
                             dataShapeName=""
                             description=""
                             isMultiRow="false"
                             name="Script"
                             ordinal="0">
                                <DataShape>
                                    <FieldDefinitions>
                                        <FieldDefinition
                                         baseType="STRING"
                                         description="code"
                                         name="code"
                                         ordinal="0"></FieldDefinition>
                                    </FieldDefinitions>
                                </DataShape>
                                <Rows>
                                    <Row>
                                        <code>
                                        <![CDATA[
                                        logger.error("fileName : " + fileName);
                                        logger.error("TorqueKeyName : " + TorqueKeyName);
                                        if (TorqueKeyName == null || fileName == null || TorqueKeyName == undefined || fileName == undefined || TorqueKeyName == "" || fileName == "") {
                                        	throw "TorqueKey/Filename is missing..Please select....";
                                        }
                                        //// result: INFOTABLE dataShape: "TorqueKeyJobStatus_DS"
                                        //var instructionData = me.readCsvInstruction({
                                        //	filename: fileName /* STRING */
                                        //});
                                        var params = {
                                        	path: fileName /* STRING */ ,
                                        	columnMappings: "Description;UOM;OperatorControl;Attribute1;Description1;Conforming1;Attribute2;Description2;Conforming2;Attribute3;Description3;Conforming3;Attribute4;Description4;Conforming4;Sequence;TMC;Couleur;Diametre;Repere;Strategie;CoupleMin;CoupleTarget;CoupleMax;AngleMin;AngleTarget;AngleMax;CoupleAccostage;SeuilCouple;TpsAjustement" /* STRING */ ,
                                        	hasHeader: undefined /* BOOLEAN */ ,
                                        	longitudeField: undefined /* NUMBER */ ,
                                        	dateFormat: undefined /* STRING */ ,
                                        	fileRepository: "TORQUEKEYINSTRUCTION_REPO" /* THINGNAME */ ,
                                        	latitudeField: undefined /* NUMBER */ ,
                                        	fieldDelimiter: ";" /* STRING */ ,
                                        	stringDelimiter: "\"" /* STRING */ ,
                                        	dataShape: "TorqueKeyInstructionDetails_DS" /* DATASHAPENAME */
                                        };
                                        var lastInstructionExecutedTS;
                                        try {
                                        	//result: INFOTABLE
                                        	var instructionDetails = Resources["CSVParserFunctions"].ReadCSVFile(params);
                                        
                                        	params = {
                                        		infoTableName: "InfoTable",
                                        		dataShapeName: "TorqueKeyJobStatus_DS"
                                        	};
                                        
                                        	// CreateInfoTableFromDataShape(infoTableName:STRING("InfoTable"), dataShapeName:STRING):INFOTABLE(TorqueKeyJobStatus_DS)
                                        	var instructionListData = Resources["InfoTableFunctions"].CreateInfoTableFromDataShape(params);
                                        
                                        	//var data = new Object();
                                        	for (var count = 1; count < instructionDetails.rows.length; count++) {
                                        		var temp = instructionDetails.rows[count];
                                        		params = {
                                        			infoTableName: "InfoTable",
                                        			dataShapeName: "TorqueKeyJobStatus_DS"
                                        		};
                                        
                                        		// CreateInfoTableFromDataShape(infoTableName:STRING("InfoTable"), dataShapeName:STRING):INFOTABLE(TorqueKeyJobStatus_DS)
                                        		var instructionList = Resources["InfoTableFunctions"].CreateInfoTableFromDataShape(params);
                                        
                                        		var data = new Object();
                                        		// result: STRING
                                        		var info = me.sendTorqueKeyService({
                                        			//data.Description = instructionDetails[count].Description;
                                        			description: (temp.Description == "" || temp.Description == undefined || temp.Description == null) ? "0" : temp.Description /* STRING */ ,
                                        			coupleMin: (temp.CoupleMin == "" || temp.CoupleMin == undefined || temp.CoupleMin == null) ? "0" : temp.CoupleMin /* STRING */ ,
                                        			tighteningStrategy: (temp.Strategie == "" || temp.Strategie == undefined || temp.Strategie == null) ? "0" : temp.Strategie /* STRING */ ,
                                        			boltColor: (temp.Couleur == "" || temp.Couleur == undefined || temp.Couleur == null) ? "0" : temp.Couleur /* STRING */ ,
                                        			coupleTarget: (temp.CoupleTarget == "" || temp.CoupleTarget == undefined || temp.CoupleTarget == null) ? "0" : temp.CoupleTarget /* STRING */ ,
                                        			nozzleNumber: (temp.NumeroEmbout == "" || temp.NumeroEmbout == undefined || temp.NumeroEmbout == null) ? "0" : temp.NumeroEmbout /* STRING */ ,
                                        			angleMax: (temp.AngleMax == "" || temp.AngleMax == undefined || temp.AngleMax == null) ? "0" : temp.AngleMax /* STRING */ ,
                                        			angleTarget: (temp.AngleTarget == "" || temp.AngleTarget == undefined || temp.AngleTarget == null) ? "0" : temp.AngleTarget /* STRING */ ,
                                        			coupleAccostage: (temp.CoupleAccostage == "" || temp.CoupleAccostage == undefined || temp.CoupleAccostage == null) ? "0" : temp.CoupleAccostage /* STRING */ ,
                                        			coupleMax: (temp.CoupleMax == "" || temp.CoupleMax == undefined || temp.CoupleMax == null) ? "0" : temp.CoupleMax /* STRING */ ,
                                        			coupleStart: (temp.CoupleStart == "" || temp.CoupleStart == undefined || temp.CoupleStart == null) ? "0" : temp.CoupleStart /* STRING */ ,
                                        			name: TorqueKeyName /* STRING */ ,
                                        			beatTime: (temp.TempsBattement == "" || temp.TempsBattement == undefined || temp.TempsBattement == null) ? "0" : temp.TempsBattement /* STRING */ ,
                                        			repereBoulon: (temp.Repere == "" || temp.Repere == undefined || temp.Repere == null) ? "0" : temp.Repere /* STRING */ ,
                                        			angleMin: (temp.AngleMin == "" || temp.AngleMin == undefined || temp.AngleMin == null) ? "0" : temp.AngleMin /* STRING */ ,
                                        			timeAdjustment: (temp.TpsAjustement == "" || temp.TpsAjustement == undefined || temp.TpsAjustement == null) ? "0" : temp.TpsAjustement /* STRING */
                                        
                                        		});
                                        		data.fileName = fileName;
                                        		data.Description = instructionDetails.rows[count].Description;
                                        		data.JobStatus = (info == "OK") ? "OK" : "NOT-OK";
                                        		data.CoupleMin = temp.CoupleMin;
                                        		data.CoupleTarget = temp.CoupleTarget;
                                        		data.CoupleMax = temp.CoupleMax;
                                        		data.AngleMin = temp.AngleMin;
                                        		data.AngleTarget = temp.AngleTarget;
                                        		data.AngleMax = temp.AngleMax;
                                        		data.CoupleAccostage = temp.CoupleAccostage;
                                        		lastInstructionExecutedTS = Date.now();
                                        		data.ProcessedTime = lastInstructionExecutedTS;
                                        		data.TorqueKey = TorqueKeyName;
                                        		data.serialNumber = count;
                                        		instructionList.AddRow(data);
                                        		instructionListData.AddRow(data);
                                        		// id: STRING
                                        		var id = Things["TorqueKeyJobStatus_DT"].AddOrUpdateDataTableEntry({
                                        			sourceType: undefined /* STRING */ ,
                                        			values: instructionList /* INFOTABLE */ ,
                                        			location: undefined /* LOCATION */ ,
                                        			source: undefined /* STRING */ ,
                                        			tags: undefined /* TAGS */
                                        		});
                                        	}
                                        	Things["TorqueKeyJobStatus_DT"].AddOrUpdateDataTableEntries({
                                        		sourceType: undefined /* STRING */ ,
                                        		values: instructionListData /* INFOTABLE */ ,
                                        		location: undefined /* LOCATION */ ,
                                        		source: undefined /* STRING */ ,
                                        		tags: undefined /* TAGS */
                                        	});
                                        
                                        	var historyParam = {
                                        		infoTableName: "InfoTable",
                                        		dataShapeName: "DA_TorqueKeyFileProcessHistory_DS"
                                        	};
                                        
                                        	// CreateInfoTableFromDataShape(infoTableName:STRING("InfoTable"), dataShapeName:STRING):INFOTABLE(DA_TorqueKeyFileProcessHistory_DS)
                                        	var instructionProcessHistory = Resources["InfoTableFunctions"].CreateInfoTableFromDataShape(historyParam);
                                        	var instructionProcessData = new Object();
                                        	instructionProcessData.FileName = fileName;
                                        	instructionProcessData.InstructionProcessInfo = instructionListData;
                                        	instructionProcessData.TorqueKey = TorqueKeyName;
                                        	instructionProcessData.ProcessExecutedTime = lastInstructionExecutedTS;
                                        	instructionProcessHistory.AddRow(instructionProcessData);
                                        
                                        	Things["Da_TorqueKeyFileProcessHistory_Stream"].AddStreamEntry({
                                        		sourceType: undefined /* STRING */ ,
                                        		values: instructionProcessHistory /* INFOTABLE */ ,
                                        		location: undefined /* LOCATION */ ,
                                        		source: undefined /* STRING */ ,
                                        		timestamp: undefined /* DATETIME */ ,
                                        		tags: undefined /* TAGS */
                                        	});
                                        	result = (instructionDetails.rows[1].TempsBattement == "" || instructionDetails.rows[1].TempsBattement == undefined) ? "0" : instructionDetails.rows[1].TempsBattement;
                                        } catch (err) {
                                        	throw err;
                                        }
                                        ]]>
                                        </code>
                                    </Row>
                                </Rows>
                            </ConfigurationTable>
                        </ConfigurationTables>
                    </ServiceImplementation>
                    <ServiceImplementation
                     description=""
                     handlerName="Script"
                     name="sendTorqueKeyService">
                        <ConfigurationTables>
                            <ConfigurationTable
                             dataShapeName=""
                             description=""
                             isMultiRow="false"
                             name="Script"
                             ordinal="0">
                                <DataShape>
                                    <FieldDefinitions>
                                        <FieldDefinition
                                         baseType="STRING"
                                         description="code"
                                         name="code"
                                         ordinal="0"></FieldDefinition>
                                    </FieldDefinitions>
                                </DataShape>
                                <Rows>
                                    <Row>
                                        <code>
                                        <![CDATA[
                                        var agentConnectionStatus = me.isConnected;
                                        var torqueKeyConnectionStatus;
                                        var sendTorqueStatus;
                                        if (agentConnectionStatus) {
                                        	logger.info("Agent is running....");
                                        	// result: BOOLEAN
                                        	torqueKeyConnectionStatus = me.getConnectionStatus({
                                        		Name: name /* STRING */
                                        	});
                                        	if (torqueKeyConnectionStatus) {
                                        		logger.info("Connected to TorqueKey..");
                                        		try {
                                        			// sendTorqueStatus: BOOLEAN
                                        			sendTorqueStatus = me.sendTorque({
                                                        description: description /* STRING */ ,
                                        				coupleMin: coupleMin /* STRING */ ,
                                        				tighteningStrategy: tighteningStrategy /* STRING */ ,
                                        				boltColor: boltColor /* STRING */ ,
                                        				coupleTarget: coupleTarget /* STRING */ ,
                                        				nozzleNumber: nozzleNumber /* STRING */ ,
                                        				angleMax: angleMax /* STRING */ ,
                                        				angleTarget: angleTarget /* STRING */ ,
                                        				coupleAccostage: coupleAccostage /* STRING */ ,
                                        				coupleMax: coupleMax /* STRING */ ,
                                        				coupleStart: coupleStart /* STRING */ ,
                                        				beatTime: beatTime /* STRING */ ,
                                        				repereBoulon: repereBoulon /* STRING */ ,
                                        				angleMin: angleMin /* STRING */ ,
                                        				timeAdjustment: timeAdjustment /* STRING */
                                        			});
                                        			if (sendTorqueStatus == null || sendTorqueStatus == undefined || sendTorqueStatus == "") {
                                        				logger.info("Issue while sending Instruction to torque");
                                        				result = sendTorqueStatus;
                                        			} else {
                                        				result = sendTorqueStatus;
                                        			}
                                        		} catch (err) {
                                        			logger.info("Issue while sending Instruction to torque");
                                        			result = "false";
                                        		}
                                        		if (me.disConnectTorque()) {
                                        			logger.info("Disconnected!!!");
                                        		}
                                        	} else {
                                        		logger.info("Please connect with Torquekey..");
                                        	}
                                        } else {
                                        	logger.error("Please start the Agent....");
                                        }
                                        ]]>
                                        </code>
                                    </Row>
                                </Rows>
                            </ConfigurationTable>
                        </ConfigurationTables>
                    </ServiceImplementation>
                </ServiceImplementations>
                <Subscriptions></Subscriptions>
            </ThingShape>
            <PropertyBindings></PropertyBindings>
            <RemotePropertyBindings></RemotePropertyBindings>
            <RemoteServiceBindings>
                <RemoteServiceBinding
                 enableQueue="false"
                 name="connectTorque"
                 sourceName="connectTorque"
                 timeout="0"></RemoteServiceBinding>
                <RemoteServiceBinding
                 enableQueue="false"
                 name="connectTorqueDuplicate"
                 sourceName="connectTorque"
                 timeout="0"></RemoteServiceBinding>
                <RemoteServiceBinding
                 enableQueue="false"
                 name="disConnectTorque"
                 sourceName="disConnectTorque"
                 timeout="0"></RemoteServiceBinding>
                <RemoteServiceBinding
                 enableQueue="false"
                 name="sendTorque"
                 sourceName="sendTorque"
                 timeout="0"></RemoteServiceBinding>
            </RemoteServiceBindings>
            <RemoteEventBindings></RemoteEventBindings>
            <AlertConfigurations></AlertConfigurations>
            <ImplementedShapes></ImplementedShapes>
            <ThingProperties>
                <reportingLastEvaluation>
                    <Value>2021-09-01T12:20:29.057Z</Value>
                    <Timestamp>2021-09-01T12:20:29.057Z</Timestamp>
                    <Quality>GOOD</Quality>
                </reportingLastEvaluation>
                <reportingLastChange>
                    <Value>2021-09-01T12:20:29.057Z</Value>
                    <Timestamp>2021-09-01T12:20:29.057Z</Timestamp>
                    <Quality>GOOD</Quality>
                </reportingLastChange>
                <lastConnection>
                    <Value>2021-09-01T12:17:05.374Z</Value>
                    <Timestamp>2021-09-01T12:17:05.374Z</Timestamp>
                    <Quality>GOOD</Quality>
                </lastConnection>
            </ThingProperties>
        </Thing>
    </Things>
</Entities>
