<?xml version="1.0" encoding="UTF-8"?>
<Entities
 majorVersion="9"
 minorVersion="2"
 universal="">
    <ThingTemplates>
        <ThingTemplate
         baseThingTemplate="GenericThing"
         description=""
         documentationContent=""
         effectiveThingPackage="ConfiguredThing"
         homeMashup=""
         inheritedValueStream=""
         name="MeasurementBaseThingTemplate"
         projectName="DassaultAviationPoC"
         tags="DassaultAviation:TemperatureHumidity"
         thingPackage=""
         valueStream="">
            <avatar></avatar>
            <DesignTimePermissions>
                <Create></Create>
                <Read></Read>
                <Update></Update>
                <Delete></Delete>
                <Metadata></Metadata>
            </DesignTimePermissions>
            <RunTimePermissions>
                <Permissions
                 resourceName="*">
                    <PropertyRead>
                        <Principal
                         isPermitted="true"
                         name="DigitalTwinUsers"
                         type="Group"></Principal>
                    </PropertyRead>
                    <PropertyWrite>
                        <Principal
                         isPermitted="true"
                         name="DigitalTwinUsers"
                         type="Group"></Principal>
                    </PropertyWrite>
                    <ServiceInvoke>
                        <Principal
                         isPermitted="true"
                         name="DigitalTwinUsers"
                         type="Group"></Principal>
                    </ServiceInvoke>
                    <EventInvoke>
                        <Principal
                         isPermitted="true"
                         name="DigitalTwinUsers"
                         type="Group"></Principal>
                    </EventInvoke>
                    <EventSubscribe>
                        <Principal
                         isPermitted="true"
                         name="DigitalTwinUsers"
                         type="Group"></Principal>
                    </EventSubscribe>
                </Permissions>
            </RunTimePermissions>
            <VisibilityPermissions>
                <Visibility>
                    <Principal
                     isPermitted="true"
                     name="DigitalTwinDevelopers"
                     type="Organization"></Principal>
                </Visibility>
            </VisibilityPermissions>
            <ConfigurationTableDefinitions></ConfigurationTableDefinitions>
            <ConfigurationTables></ConfigurationTables>
            <PropertyBindings></PropertyBindings>
            <RemotePropertyBindings></RemotePropertyBindings>
            <RemoteServiceBindings></RemoteServiceBindings>
            <RemoteEventBindings></RemoteEventBindings>
            <AlertConfigurations>
                <AlertDefinitions
                 name="Battery">
                    <AlertDefinition
                     alertType="Below"
                     description=""
                     enabled="true"
                     name="BatteryAlert"
                     priority="1"
                     propertyBaseType="NUMBER">
                        <AlertAttributes>
                            <DataShape>
                                <FieldDefinitions>
                                    <FieldDefinition
                                     aspect.friendlyName="Limit"
                                     aspect.isRequired="true"
                                     baseType="NUMBER"
                                     description="Limit to compare"
                                     name="limit"
                                     ordinal="0"></FieldDefinition>
                                    <FieldDefinition
                                     aspect.defaultValue="true"
                                     aspect.friendlyName="Include Limit?"
                                     aspect.isRequired="false"
                                     baseType="BOOLEAN"
                                     description="Limit includes value"
                                     name="limitInclusive"
                                     ordinal="1"></FieldDefinition>
                                </FieldDefinitions>
                            </DataShape>
                            <Rows>
                                <Row>
                                    <limit>20.0</limit>
                                    <limitInclusive>true</limitInclusive>
                                </Row>
                            </Rows>
                        </AlertAttributes>
                    </AlertDefinition>
                </AlertDefinitions>
                <AlertDefinitions
                 name="BuildingName"></AlertDefinitions>
                <AlertDefinitions
                 name="CommunicationIntervalTime"></AlertDefinitions>
                <AlertDefinitions
                 name="isConnected">
                    <AlertDefinition
                     alertType="EqualTo"
                     description=""
                     enabled="true"
                     name="LossOfCommunication"
                     priority="1"
                     propertyBaseType="STRING">
                        <AlertAttributes>
                            <DataShape>
                                <FieldDefinitions>
                                    <FieldDefinition
                                     aspect.friendlyName="Value"
                                     aspect.isRequired="true"
                                     baseType="STRING"
                                     description="value"
                                     name="value"
                                     ordinal="0"></FieldDefinition>
                                </FieldDefinitions>
                            </DataShape>
                            <Rows>
                                <Row>
                                    <value>
                                    <![CDATA[
                                    false
                                    ]]>
                                    </value>
                                </Row>
                            </Rows>
                        </AlertAttributes>
                    </AlertDefinition>
                </AlertDefinitions>
                <AlertDefinitions
                 name="StandbyBatteryVoltage"></AlertDefinitions>
                <AlertDefinitions
                 name="StreamId"></AlertDefinitions>
                <AlertDefinitions
                 name="Temperature">
                    <AlertDefinition
                     alertType="Above"
                     description=""
                     enabled="true"
                     name="TemperatureAlert"
                     priority="1"
                     propertyBaseType="NUMBER">
                        <AlertAttributes>
                            <DataShape>
                                <FieldDefinitions>
                                    <FieldDefinition
                                     aspect.friendlyName="Limit"
                                     aspect.isRequired="true"
                                     baseType="NUMBER"
                                     description="Limit to compare"
                                     name="limit"
                                     ordinal="0"></FieldDefinition>
                                    <FieldDefinition
                                     aspect.defaultValue="true"
                                     aspect.friendlyName="Include Limit?"
                                     aspect.isRequired="false"
                                     baseType="BOOLEAN"
                                     description="Limit includes value"
                                     name="limitInclusive"
                                     ordinal="1"></FieldDefinition>
                                </FieldDefinitions>
                            </DataShape>
                            <Rows>
                                <Row>
                                    <limit>50.0</limit>
                                    <limitInclusive>true</limitInclusive>
                                </Row>
                            </Rows>
                        </AlertAttributes>
                    </AlertDefinition>
                </AlertDefinitions>
                <AlertDefinitions
                 name="TimeStamp"></AlertDefinitions>
                <AlertDefinitions
                 name="TransmissionBatteryVoltage"></AlertDefinitions>
            </AlertConfigurations>
            <ThingShape>
                <PropertyDefinitions>
                    <PropertyDefinition
                     aspect.cacheTime="0.0"
                     aspect.dataChangeType="VALUE"
                     aspect.isLogged="true"
                     baseType="NUMBER"
                     category=""
                     description=""
                     isLocalOnly="false"
                     name="Battery"
                     ordinal="7"></PropertyDefinition>
                    <PropertyDefinition
                     aspect.cacheTime="0.0"
                     aspect.dataChangeType="VALUE"
                     baseType="STRING"
                     category=""
                     description=""
                     isLocalOnly="false"
                     name="BuildingName"
                     ordinal="5"></PropertyDefinition>
                    <PropertyDefinition
                     aspect.cacheTime="0.0"
                     aspect.dataChangeType="VALUE"
                     aspect.defaultValue="30.0"
                     baseType="NUMBER"
                     category=""
                     description=""
                     isLocalOnly="false"
                     name="CommunicationIntervalTime"
                     ordinal="8"></PropertyDefinition>
                    <PropertyDefinition
                     aspect.cacheTime="0.0"
                     aspect.dataChangeType="VALUE"
                     aspect.isLogged="true"
                     baseType="STRING"
                     category=""
                     description=""
                     isLocalOnly="false"
                     name="isConnected"
                     ordinal="6"></PropertyDefinition>
                    <PropertyDefinition
                     aspect.cacheTime="0.0"
                     aspect.dataChangeType="VALUE"
                     aspect.isLogged="true"
                     aspect.units="V"
                     baseType="NUMBER"
                     category=""
                     description=""
                     isLocalOnly="false"
                     name="StandbyBatteryVoltage"
                     ordinal="10"></PropertyDefinition>
                    <PropertyDefinition
                     aspect.cacheTime="0.0"
                     aspect.dataChangeType="VALUE"
                     aspect.isLogged="false"
                     aspect.isPersistent="true"
                     baseType="STRING"
                     category=""
                     description=""
                     isLocalOnly="false"
                     name="StreamId"
                     ordinal="4"></PropertyDefinition>
                    <PropertyDefinition
                     aspect.cacheTime="0.0"
                     aspect.dataChangeType="VALUE"
                     aspect.isLogged="true"
                     aspect.units="°C"
                     baseType="NUMBER"
                     category=""
                     description=""
                     isLocalOnly="false"
                     name="Temperature"
                     ordinal="3"></PropertyDefinition>
                    <PropertyDefinition
                     aspect.cacheTime="0.0"
                     aspect.dataChangeType="VALUE"
                     aspect.isLogged="true"
                     baseType="DATETIME"
                     category=""
                     description=""
                     isLocalOnly="false"
                     name="TimeStamp"
                     ordinal="4"></PropertyDefinition>
                    <PropertyDefinition
                     aspect.cacheTime="0.0"
                     aspect.dataChangeType="VALUE"
                     aspect.isLogged="true"
                     aspect.units="V"
                     baseType="NUMBER"
                     category=""
                     description=""
                     isLocalOnly="false"
                     name="TransmissionBatteryVoltage"
                     ordinal="9"></PropertyDefinition>
                </PropertyDefinitions>
                <ServiceDefinitions></ServiceDefinitions>
                <EventDefinitions></EventDefinitions>
                <ServiceMappings></ServiceMappings>
                <ServiceImplementations></ServiceImplementations>
                <Subscriptions></Subscriptions>
            </ThingShape>
            <ImplementedShapes></ImplementedShapes>
            <SharedConfigurationTables></SharedConfigurationTables>
            <InstanceDesignTimePermissions>
                <Create></Create>
                <Read></Read>
                <Update></Update>
                <Delete></Delete>
                <Metadata></Metadata>
            </InstanceDesignTimePermissions>
            <InstanceRunTimePermissions>
                <Permissions
                 resourceName="*">
                    <PropertyRead>
                        <Principal
                         isPermitted="true"
                         name="DigitalTwinUsers"
                         type="Group"></Principal>
                    </PropertyRead>
                    <PropertyWrite>
                        <Principal
                         isPermitted="true"
                         name="DigitalTwinUsers"
                         type="Group"></Principal>
                    </PropertyWrite>
                    <ServiceInvoke>
                        <Principal
                         isPermitted="true"
                         name="DigitalTwinUsers"
                         type="Group"></Principal>
                    </ServiceInvoke>
                    <EventInvoke>
                        <Principal
                         isPermitted="true"
                         name="DigitalTwinUsers"
                         type="Group"></Principal>
                    </EventInvoke>
                    <EventSubscribe>
                        <Principal
                         isPermitted="true"
                         name="DigitalTwinUsers"
                         type="Group"></Principal>
                    </EventSubscribe>
                </Permissions>
            </InstanceRunTimePermissions>
            <InstanceVisibilityPermissions>
                <Visibility>
                    <Principal
                     isPermitted="true"
                     name="DigitalTwinDevelopers"
                     type="Organization"></Principal>
                </Visibility>
            </InstanceVisibilityPermissions>
        </ThingTemplate>
    </ThingTemplates>
</Entities>
