<?xml version="1.0" encoding="UTF-8"?>
<Entities
 majorVersion="9"
 minorVersion="2"
 universal="">
    <DataShapes>
        <DataShape
         baseDataShape=""
         description=""
         documentationContent=""
         homeMashup=""
         name="TorqueKeyJobStatus_DS"
         projectName="DassaultAviationPoC"
         tags="DassaultAviation:TorqueKey">
            <avatar></avatar>
            <DesignTimePermissions>
                <Create></Create>
                <Read></Read>
                <Update></Update>
                <Delete></Delete>
                <Metadata></Metadata>
            </DesignTimePermissions>
            <RunTimePermissions>
                <Permissions
                 resourceName="*">
                    <PropertyRead>
                        <Principal
                         isPermitted="true"
                         name="DigitalTwinUsers"
                         type="Group"></Principal>
                    </PropertyRead>
                    <PropertyWrite>
                        <Principal
                         isPermitted="true"
                         name="DigitalTwinUsers"
                         type="Group"></Principal>
                    </PropertyWrite>
                    <ServiceInvoke>
                        <Principal
                         isPermitted="true"
                         name="DigitalTwinUsers"
                         type="Group"></Principal>
                    </ServiceInvoke>
                    <EventInvoke>
                        <Principal
                         isPermitted="true"
                         name="DigitalTwinUsers"
                         type="Group"></Principal>
                    </EventInvoke>
                    <EventSubscribe>
                        <Principal
                         isPermitted="true"
                         name="DigitalTwinUsers"
                         type="Group"></Principal>
                    </EventSubscribe>
                </Permissions>
            </RunTimePermissions>
            <VisibilityPermissions>
                <Visibility>
                    <Principal
                     isPermitted="true"
                     name="DigitalTwinDevelopers"
                     type="Organization"></Principal>
                </Visibility>
            </VisibilityPermissions>
            <ConfigurationTableDefinitions></ConfigurationTableDefinitions>
            <ConfigurationTables></ConfigurationTables>
            <FieldDefinitions>
                <FieldDefinition
                 aspect.isPrimaryKey="false"
                 baseType="STRING"
                 description=""
                 name="AngleMax"
                 ordinal="9"></FieldDefinition>
                <FieldDefinition
                 aspect.isPrimaryKey="false"
                 baseType="STRING"
                 description=""
                 name="AngleMin"
                 ordinal="7"></FieldDefinition>
                <FieldDefinition
                 aspect.isPrimaryKey="false"
                 baseType="STRING"
                 description=""
                 name="AngleTarget"
                 ordinal="8"></FieldDefinition>
                <FieldDefinition
                 aspect.isPrimaryKey="false"
                 baseType="STRING"
                 description=""
                 name="CoupleAccostage"
                 ordinal="10"></FieldDefinition>
                <FieldDefinition
                 aspect.isPrimaryKey="false"
                 baseType="STRING"
                 description=""
                 name="CoupleMax"
                 ordinal="6"></FieldDefinition>
                <FieldDefinition
                 aspect.isPrimaryKey="false"
                 baseType="STRING"
                 description=""
                 name="CoupleMin"
                 ordinal="4"></FieldDefinition>
                <FieldDefinition
                 aspect.isPrimaryKey="false"
                 baseType="STRING"
                 description=""
                 name="CoupleTarget"
                 ordinal="5"></FieldDefinition>
                <FieldDefinition
                 aspect.isPrimaryKey="true"
                 baseType="STRING"
                 description=""
                 name="Description"
                 ordinal="2"></FieldDefinition>
                <FieldDefinition
                 aspect.isPrimaryKey="false"
                 baseType="STRING"
                 description=""
                 name="fileName"
                 ordinal="1"></FieldDefinition>
                <FieldDefinition
                 aspect.isPrimaryKey="false"
                 baseType="STRING"
                 description=""
                 name="JobStatus"
                 ordinal="3"></FieldDefinition>
                <FieldDefinition
                 aspect.isPrimaryKey="false"
                 baseType="DATETIME"
                 description=""
                 name="ProcessedTime"
                 ordinal="11"></FieldDefinition>
                <FieldDefinition
                 aspect.isPrimaryKey="false"
                 baseType="INTEGER"
                 description=""
                 name="serialNumber"
                 ordinal="13"></FieldDefinition>
                <FieldDefinition
                 aspect.isPrimaryKey="false"
                 baseType="STRING"
                 description=""
                 name="TorqueKey"
                 ordinal="12"></FieldDefinition>
            </FieldDefinitions>
        </DataShape>
    </DataShapes>
</Entities>
