<?xml version="1.0" encoding="UTF-8"?>
<Entities
 majorVersion="9"
 minorVersion="2"
 universal="">
    <Projects>
        <Project
         artifactId=""
         aspect.projectType="Component"
         dependsOn="{&quot;extensions&quot;:&quot;CSVParser_Extensions:4.0.1,GitBackupExtension:4.1.0,Mail_Extensions:4.0.0,TWX_Converge_Core_ExtensionPackage:9.0.0,DassaultManufacturingExtension:1.0.1&quot;,&quot;projects&quot;:&quot;MPMI:1.0.0,Digital_Twin:1.0.0,SvgDemo:1.0.0&quot;}"
         description="This project consists of the PoC for Dassault Aviation."
         documentationContent=""
         groupId=""
         homeMashup=""
         minPlatformVersion=""
         name="DassaultAviationPoC"
         packageVersion="1.0.0"
         projectName="DassaultAviationPoC"
         publishResult=""
         state="DRAFT"
         tags="Applications:DAPoCMar21">
            <avatar></avatar>
            <DesignTimePermissions>
                <Create></Create>
                <Read></Read>
                <Update></Update>
                <Delete></Delete>
                <Metadata></Metadata>
            </DesignTimePermissions>
            <RunTimePermissions>
                <Permissions
                 resourceName="*">
                    <PropertyRead>
                        <Principal
                         isPermitted="true"
                         name="DigitalTwinUsers"
                         type="Group"></Principal>
                    </PropertyRead>
                    <PropertyWrite>
                        <Principal
                         isPermitted="true"
                         name="DigitalTwinUsers"
                         type="Group"></Principal>
                    </PropertyWrite>
                    <ServiceInvoke>
                        <Principal
                         isPermitted="true"
                         name="DigitalTwinUsers"
                         type="Group"></Principal>
                    </ServiceInvoke>
                    <EventInvoke>
                        <Principal
                         isPermitted="true"
                         name="DigitalTwinUsers"
                         type="Group"></Principal>
                    </EventInvoke>
                    <EventSubscribe>
                        <Principal
                         isPermitted="true"
                         name="DigitalTwinUsers"
                         type="Group"></Principal>
                    </EventSubscribe>
                </Permissions>
            </RunTimePermissions>
            <VisibilityPermissions>
                <Visibility>
                    <Principal
                     isPermitted="true"
                     name="DigitalTwinDevelopers"
                     type="Organization"></Principal>
                </Visibility>
            </VisibilityPermissions>
            <ConfigurationTableDefinitions></ConfigurationTableDefinitions>
            <ConfigurationTables></ConfigurationTables>
        </Project>
    </Projects>
</Entities>
